"RT @detikcom: Yang Mau ke Bromo, Hati-hati Lagi Badai Pasir https://t.co/E9H9jOfRUQ via @detiktravel https://t.co/38zDJaDUJ3"
"sewa jeep surabaya bromo 1.450rb include BBM dan driver, kapasitas 6 org, Hanz ( 085646614454, 7fc44ae0 ) https://t.co/Ys1JE17DMA"
"Pasca Yadnya Kasada, Bromo Lovers Bersihkan Sampah
#IndonesiaHebat
https://t.co/zeGfdlFRbA https://t.co/ccFymXfgRs"
"10 detikcom Yang Mau ke Bromo, Hati-hati Lagi Badai Pasir https://t.co/3GzDCKo6Dx via detiktravel https://t.co/rDSZK8HFTV"
"RT detikcom ""Yang Mau ke Bromo, Hati-hati Lagi Badai Pasir https://t.co/bCRKbrMQYd via detiktravel https://t.co/7Ev6Tlcdl9"""
Ekstrem! Bertaruh Nyawa Berebut Uang Rp100.000 yang Dilarung ke Kawah Bromo https://t.co/6ayYIiFzrj
"RT @detikcom: Bromo Tracking, Aksi Terjun di Atas Kawah Bromo https://t.co/yi0mPyt4lT via @detiktravel https://t.co/cK43wn6K6s"
"Yang Mau ke Bromo, Hati-hati Lagi Badai Pasir https://t.co/E9H9jOfRUQ via @detiktravel https://t.co/38zDJaDUJ3"
"RT @MooieZainal: @noahxanaqi @oteam1malaysia @outdoor_garage @keramatoutdoor @akubudakgunung @twt_hikingMY ini dekat indonesia, semeru/brom"
"sewa jeep surabaya bromo 1.450rb include BBM dan driver, kapasitas 6 org, Hanz ( 085646614454, 7fc44ae0 ) https://t.co/NLiZHcCwPn"
"RT @andreOPA: Pilihan wisata lainnya dari Ds Ngadas adalah trekking/berkuda dari Cemoro Lawang menuju lereng Bromo, sejauh tiga kilometer."
Bromo Lovers Pungut 4 Pikap Sampah Usai Upacara Kasada | Klik https://t.co/S3X3ZzZeou https://t.co/BeEqCgm2m6
"RT @gunungindonesia: Kawasan Taman Nasional Bromo - Tengger - Semeru. Jawa Timur
by Hendra Gunawan via: @LeopoldAdam  http://t.co/RNdmOmwzjo"
"RT @KabPonorogo: Sukses digelar Peringatan Hari Raya Yadnya Kasada 2017 di Gunung Bromo, Kabupaten Probolinggo, https://t.co/ILIM7acE9R"
"Paket Private Tour Gunung #Bromo Mulai 300rb All in l Start Surabaya atau Malang l https://t.co/ms20FMjbHN l 085740601194 (call,wa,sms)"
"sewa jeep malang bromo 1.250rb include BBM dan driver, kapasitas 6 org, Hanz ( 085646614454, 7fc44ae0 ) https://t.co/uHoV3sFo5o"
@SukmaHerang Bromo kemarin
"#Visit Indonesia: Mount Bromo, Beautiful #Mount in #Indonesia. https://t.co/a6QFjJ4O1l   https://t.co/Cx76OWCoym"
"RT @Kemenpar_RI: Sukses digelar Peringatan Hari Raya Yadnya Kasada 2017 di Gunung Bromo, Kabupaten Probolinggo, Jawa Timur Minggu (10/7).
#"
"RT @ceritadestinasi: Masyarakat Gunung Bromo, yaitu Suku Tengger di Jawa Timur, merayakan Yadnya Kesada (Kesodo) pada 9-10 Juli 2017 #Peson"
"RT @Kemenpar_RI: Ribuan Wisatawan Meriahkan Ritual Yadnya Kasada 2017 di Bromo https://t.co/4K1lrWgiPb
#WonderfulIndonesia #PesonaBromo htt"
"RT @andreOPA: Ada dua desa Orang Tengger yang layak dikunjungi saat berwisata ke Gunung Bromo, yaitu Desa Ngadas dan Ngadisari #PesonaBromo"
Hari raya ini merupakan persembahan warga Suku Tengger di Gunung Bromo dengan ketinggian 2.329 meter #PesonaBromo
"RT @ragamupdate: Wow, Relawan Bersihkan Sampah Pasca Kasada Bromo Probolinggo
https://t.co/YmsmeJKlqg"
RT @NM_Bondan: Eksotika Bromo Memukau Wisman di Hari Raya Yadnya Kasada 2017 #PesonaBromo https://t.co/EAEc06Nftk
"sewa jeep malang bromo 1.250rb include BBM dan driver, kapasitas 6 org, Hanz ( 085646614454, 7fc44ae0 ) https://t.co/IrbXboyMV2"
"RT @Beta_Ambonezz: Antara
Warga Suku Tengger melarung sesaji berupa ayam ke kawah Gunung Bromo saat Upacara Yadnya Kasada di gunung tersebu"
https://t.co/18q5w1w4Qa :  Ekstrem! Bertaruh Nyawa Berebut Uang Rp100.000 yang Dilarung ke Kawah Bromo https://t.co/I17nYqZc41
"RT detikcom ""Bromo Tracking, Aksi Terjun di Atas Kawah Bromo https://t.co/HF3Kd88Z78 via detiktravel https://t.co/UxHOLNLHfT"""
"Bromo Tracking, Aksi Terjun di Atas Kawah Bromo https://t.co/yi0mPyt4lT via @detiktravel https://t.co/cK43wn6K6s"
"RT @detikcom: Pasca Yadnya Kasada, Bromo Lovers Bersihkan Sampah https://t.co/5pVvR03usm via @detiktravel https://t.co/fQDyD4yNLa"
"sewa jeep malang bromo 1.250rb include BBM dan driver, kapasitas 6 org, Hanz ( 085646614454, 7fc44ae0 ) https://t.co/Ys1JE17DMA"
#infoWisata Ekstrem! Bertaruh Nyawa Berebut Uang Rp100.000 yang Dilarung ke Kawah Bromo https://t.co/gDYAqo2pzo
Ekstrem! Bertaruh Nyawa Berebut Uang Rp100.000 yang Dilarung ke Kawah Bromo https://t.co/IBvSUzqlpa
RT @okezonenews: Ekstrem! Bertaruh Nyawa Berebut Uang Rp100.000 yang Dilarung ke Kawah Bromo https://t.co/05ynyIZGwd https://t.co/bG8StdoFVn
Ekstrem! Bertaruh Nyawa Berebut Uang Rp100.000 yang Dilarung ke Kawah Bromo https://t.co/05ynyIZGwd https://t.co/bG8StdoFVn
"[Berita] Pasca Yadnya Kasada, Bromo Lovers Bersihkan Sampah https://t.co/kV8jsCnv4m, see more https://t.co/8u34gqJK0w"
"#VIDEO -  Yadnya Kasada, ritual tahunan yang digelar masyarakat Tengger di sekitar Taman Nasional Bromo Tengger https://t.co/6sRcchQmIJ"
RT @GenPiSumsel: #PesonaBromo Mt. Bromo Sunrise Eruption | 2016 National Geographic Travel Photographer of the Year https://t.co/pke067jaG5
"sewa jeep malang bromo 1.250rb include BBM dan driver, kapasitas 6 org, Hanz ( 085646614454, 7fc44ae0 ) https://t.co/NLiZHcCwPn"
RT @TourNabila: Bromo hari ini https://t.co/locDT5DZ4K
Aku ngedrone di Bromo....foto by @IndahAriani ... tqqq https://t.co/Vb6chD4PJA
  #gwangjourney #goprophotography @ Mount Bromo https://t.co/fxT9zWW63N
"RT @detikTravel: Yang Mau ke Bromo, Hati-hati Lagi Badai Pasir https://t.co/zSPY348PFG https://t.co/XRaw0zOhN8"
"RT @detikTravel: Pasca Yadnya Kasada, Bromo Lovers Bersihkan Sampah https://t.co/Hn4KrDHJIU https://t.co/NoTP0uBDvK"
Keluarga Adinatha ...  Tetep Solid ya Guys #adinatha #family #shoesshouts @ Bromo Sunrise https://t.co/uFzxExNHcW
Ribuan Wisatawan Meriahkan Ritual Yadnya Kasada 2017 di Bromo https://t.co/INMtsWMALl
Ribuan Wisatawan Meriahkan Ritual Yadnya Kasada 2017 di Bromo https://t.co/Bdx5Ly5YlU
Gamelan Bambu Raksasa Tampil di Eksotika Bromo #PesonaBromo.
#PesonaBromo Mt. Bromo Sunrise Eruption | 2016 National Geographic Travel Photographer of the Year https://t.co/27XP1HUtoc via
"sewa jeep di bromo 700rb include BBM dan driver, kapasitas 6 org, Hanz ( 085646614454, 7fc44ae0 ) https://t.co/uHoV3sFo5o"
"RT detikcom ""Pasca Yadnya Kasada, Bromo Lovers Bersihkan Sampah https://t.co/dQ67McmZpr via detiktravel https://t.co/EtRs9YeqUk"""
Mau liburan ke Bromo? Bromo Midnight Tour. Start dari Malang/Surabaya. Mulai 350k/pax. 082225220669 (Call/SMS/WA) https://t.co/PC6YZ5bmBI
"Pasca Yadnya Kasada, Bromo Lovers Bersihkan Sampah https://t.co/5pVvR03usm via @detiktravel https://t.co/fQDyD4yNLa"
"Open Trip Wisata Murah Ke Karimunjawa, Bromo, Derawan dan Menjangan Bali &gt; https://t.co/K7niQYxmVV l 082225029233 (call,wa,line)"
"RT @andreOPA: Mount Bromo is an active volcano and part of the Tengger massif, in East Java, Indonesia. At 2,329 metres (7,641 ft) #pesonab"
"RT @andreOPA: Mount Bromo sits in the middle of a plain called the ""Sea of Sand"" (Javanese: Segara Wedi or Indonesian: Lautan Pasir) #Peson"
RT @andreOPA: Ribuan Wisatawan Meriahkan Ritual Yadnya Kasada 2017 di Bromo. #PesonaBromo https://t.co/uPu8ETR0IV https://t.co/A0IA5IU1ce
"RT @andreOPA: The name of Bromo derived from Javanese pronunciation of Brahma, the Hindu creator god. #PesonaBromo https://t.co/SlHukEioa1"
RT @andreOPA: The massif area is one of the most visited tourist attractions.The volcano belongs to the Bromo Tengger Semeru National Park.
@UmyulChic bromo seru kali say
"sewa jeep di bromo 700rb include BBM dan driver, kapasitas 6 org, Hanz ( 085646614454, 7fc44ae0 ) https://t.co/IrbXbohc3u"
Wah gak ngajak aku ke bromo toh mas https://t.co/EsfZWvoOXI
"Ribuan Wisatawan Meriahkan Ritual Yadnya Kasada 2017 di Bromo https://t.co/IkOqUyNBGo
#WonderfulIndonesia https://t.co/OS0QKELbSV"
"RT @Beta_Ambonezz: Terhitung selama abad XX, bromo meletus sebanyak tiga kali, dengan interval waktu yang teratur, yaitu 30 tahun. #PesonaB"
"#GRESIK -  Yadnya Kasada, ritual tahunan yang digelar masyarakat Tengger di sekitar Taman Nasional Bromo Tengger https://t.co/D04j5XT0CC"
VIDEO - Eksotika Gunung Bromo Saat Ritual Yadnya Kasada https://t.co/menR0yPaUi
Di asyikin aja kak. Santai kayak sambil nikmati indahnya Bromo #PesonaBromo https://t.co/5BLc788Q65
VIDEO - Eksotika Gunung Bromo Saat Ritual Yadnya Kasada https://t.co/FxqDRdcKGN SUBSCRIBE - https://t.co/EFYrpT7GCS
VIDEO - Eksotika Gunung Bromo Saat Ritual Yadnya Kasada https://t.co/NDj2r4IfaH https://t.co/blLVUg4RCS
"@glennhuibert @ecacamarica Renang saja kaka, boleh di coba di lautan pasir bromo #PesonaBromo"
RT @GenPiSumsel: Bukit Teletubbies salah satu lokasi yang bisa diexplore di Bromo #PesonaBromo
Maaak keren amat yak bromo? Kesini yooook.. #PesonaBromo https://t.co/nb7Fhjiwml
Saya suka video @YouTube https://t.co/eR4uCdy7Yu indahnya gunung bromo [] wonderful indonesia
Sakralnya Yadnya Kasada Suku Tengger di Gunung Bromo.
"sewa jeep di bromo 700rb include BBM dan driver, kapasitas 6 org, Hanz ( 085646614454, 7fc44ae0 ) https://t.co/Ys1JE17DMA"
RT @TwetPolisi: Upacara Hari Bhayangkara ke-71 Tahun 2017 digelar Polres Probolinggo di Lautan Pasir Gunung Bromo https://t.co/OPrusDfJbP
"RT @DivHumasPolri: HUT Bhayagkara Ke-71, Polres Probolinggo
melaksanakan kegiatan upacara di lautan pasir gunung Bromo #hutbhayangakarake71"
"Yang Mau ke Bromo, Hati-hati Lagi Badai Pasir https://t.co/SFk6345qo5 https://t.co/O6kxNZ6A36"
@bromo w my bro https://t.co/2OFj5KDYWc
"kaki gunung, kaki abu. jangan lupa ke bromo, pak dan ibu. #pantun. #PesonaBromo"
"sewa jeep di bromo 700rb include BBM dan driver, kapasitas 6 org, Hanz ( 085646614454, 7fc44ae0 ) https://t.co/NLiZHcCwPn"
Hoseok at Bromo Mountain abis liat kasada kemarin di bromo trs minta foto pas lg sunrise  https://t.co/qT6hcPcXLf
"@BTS_twt Kek di gunung bromo njir come to indonesia oppa, bromo mountain, east java. Its beautiful mountain"
@BTS_twt Mount bromo indonesia ??? 
gunung bromo https://t.co/I2bDMHBz7J
"Sukses digelar Peringatan Hari Raya Yadnya Kasada 2017 di Gunung Bromo, Kabupaten Probolinggo, https://t.co/ILIM7acE9R"
Eksotika Bromo https://t.co/6YrJG6qsn9 https://t.co/xHNEYNEQB9
"@Info_Jatim @GenPiJatim @humasprovjatim @NewsJatim @GoBromo Pada ritual Yadnya Kesada, Suku Tengger melarung hasil https://t.co/WduT9PMNpB"
"RT @detikTravel: Bromo Tracking, Aksi Terjun di Atas Kawah Bromo https://t.co/EyKhRC9bP5"
"Yuuk Liburan ke BROMO nggak mahal, hemat harga mulai 250rb/org, Call/Sms 082232957872"
".
Top View Sunrise Bromo 
.
Location : Gunung Bromo
.
#topview #sunrise #gunungbromo #indonesia https://t.co/5vrtZ6c463"
"Mauna Kea di Hawaii
Bromo kalo di Indonesia
:))))) https://t.co/eTeXJj6RMk"
"paket wisata bromo 370rb/orang untuk 6 orang start kota surabaya, 085646614454, 7fc44ae0, https://t.co/uHoV3sFo5o"
"  5555 ^_^
### @ Bromo - East Java - https://t.co/STLJDGsuxu"
Self Camera Wiff Om agra_setyawan .. #applecam #apple #photography #photoshoot @ Bromo Sunrise https://t.co/yFzAuD0kXW
Bromo Crater Volcano Viewed From The South. https://t.co/Veqw36su5a
Beautifull Sunrise  ... || #apple #applecam #sunrise @ Bromo Sunrise https://t.co/EPf6Z7EbF9
indahnya gunung bromo [] wonderful indonesia: https://t.co/eR4uCdy7Yu melalui @YouTube
@Info_Jatim @GenPiJatim @humasprovjatim @NewsJatim @GoBromo Kementerian Pariwisata @Kemenpar_RI mendukung penuh keg https://t.co/RFpPR44Dpf
"@Info_Jatim @GenPiJatim @humasprovjatim @NewsJatim @GoBromo Wisatawan, lokal maupun asing, memenuhi lautan pasir Br https://t.co/rvJehZMsOD"
"12C 
.
.
.
#exploremalang @ Bromo Tengger Semeru National Park https://t.co/HGUZg8v18v"
"RT @newsmerahputih: Upacara Yadnya Kasada, Melarung Sesajen ke Kawah Gunung Bromo https://t.co/cG8ABkQHjV #merahputih #bromo"
@Info_Jatim @GenPiJatim @humasprovjatim @NewsJatim @GoBromo Yadnya Kesada tahun ini berbeda dengan tahun sebelumnya https://t.co/XTapEKIuiU
gunung bromo lebih seksi dari apa yang kau bayangkan. #pesonabromo
"Masyarakat Gunung Bromo, yaitu Suku Tengger di Jawa Timur, merayakan Yadnya Kesada (Kesodo) pada 9-10 Juli 2017 https://t.co/wtCFjtnlJU"
No Caption for this .... @ Bromo Tengger Semeru National Park https://t.co/kE5D92eZWH
Naik Naik Kepuncak Gunung tinggi tinggi sekali  @ Bromo Tengger Semeru National Park https://t.co/XOas6tAOkk
Bukit Teletubies Wiff My Best Pals ... ||  || @ Bromo Tengger Semeru National Park https://t.co/NoDFQv1KNA
My Little Vlog || InstaVLog || Thanks for ur attentions ... hahaha @ Bromo Tengger Semeru https://t.co/2qGIb9An7O
".
Open trip BROMO Everyday
BERANGKAT TIAP HARI
TANPA MINIMUM PESERTA
1 ORANG BISA https://t.co/33Cqti4g1U"
Beautifull Sunrise ... || Awesome || ||  @ Bromo Tengger Semeru National Park https://t.co/pBTG7krZGx
"Biro Travel Wisata Murah Ke #Karimunjawa, #Bromo, #Derawan dan #Menjangan Bali &gt; https://t.co/K7niQYxmVV l 082225029233 (call,wa,line)"
"paket wisata bromo 550rb/orang untuk 4 orang start kota surabaya, 085646614454, 7fc44ae0, https://t.co/uHoV3sFo5o"
Eksotika Bromo https://t.co/uBigQb5GTq https://t.co/DFnNLjRBZ2
Eksotika Bromo https://t.co/Gt9Uf8Trav https://t.co/JfAzgbY5gl
Eksotika Bromo https://t.co/KJEYLHEGyF https://t.co/KuwgMyFqCw
Eksotika Bromo https://t.co/SwYLDgF49H https://t.co/HGMrxyGdR6
@penanjakan Bromo Waiting for Sunrise this Morning ... ||  || #sunrise #sun #like4like https://t.co/cYyXDjrHUH
Bromo Lovers Pungut 4 Pikap Sampah Usai Upacara Kasada | Klik https://t.co/pXU1Ei1PSz https://t.co/3CU9ghpbzJ
"Di Puncak Bromo 
Kami berada di tepian kawah.
Jalan ketempat ini kira-kira 1.50 m dipakai untuk tiga baris... https://t.co/NjpvbAkpPQ"
"RT @syukron_dosi: Suku Tengger, Yadnya Kasada dan eksotika Bromo. 

#PesonaBromo 
#PesonaIndonesia 
#WonderfulIndonesia https://t.co/8uXy42"
"paket wisata ke semeru, bromo, kawah ijen, pantai, city tour langsung aja kontak kami, harga dan fasilitas flexibel. Yuk siapkan tanggal :)"
Tiap hari berangkat ke Bromo!! 300K ALL INC. Call @BeeproMGMT now! WA: 0897.00000.97 #BromoDailyTour... https://t.co/SRqbHOc1IU
Tiap hari berangkat ke Bromo!! 300K ALL INC. Call @BeeproMGMT now! WA: 0897.00000.97 #BromoDailyTour #BromoEveryday https://t.co/wSuibtDcyV
RT @NM_Bondan: Pemerintah daerah setempat menggelar pra-event bernama Eksotika Bromo pada tanggal 8-7 Juli 2017. #PesonaBromo https://t.co/
"Di Puncak Bromo 
Kami berada di tepian kawah.
Jalan ketempat ini kira-kira 1.50 m dipakai untuk tiga baris... https://t.co/nwUhdzWAbO"
"Di Puncak Bromo 
Kami berada di tepian kawah.
Jalan ketempat ini kira-kira 1.50 m dipakai untuk tiga baris... https://t.co/PZxa0VmE9z"
"Yuk Liburan ke BROMO nggak mahal, hemat harga mulai 250rb/org, Call/Sms 082232957872"
"Upacara Yadnya Kasada, Melarung Sesajen ke Kawah Gunung Bromo https://t.co/cG8ABkQHjV #merahputih #bromo"
"paket wisata bromo 890rb/orang untuk 2 orang start kota surabaya, 085646614454, 7fc44ae0, https://t.co/uHoV3sFo5o"
"Ini Gunung Bromo, bukan lagi berkabut tapi berdebu. Mantap kan? @ Bromo Tengger Semeru National https://t.co/1QvjzoLW1T"
"Wonder in wonderland Bromo Tengger Semeru
#PesonaBromo https://t.co/MAJGIxSgc6"
"Yang Mau ke Bromo, Hati-hati Lagi Badai Pasir https://t.co/rhP4NAD19Z"
"RT @detikTravel: Yang Mau ke Bromo, Hati-hati Lagi Badai Pasir https://t.co/BdvUMo53Su https://t.co/nFPf6wQd6u"
"Ribuan Wisatawan memadati perayaan Hari Raya Yadnya Kasada (Kasodo) di Kawah Gunung Bromo, Senin (10/7).
 https://t.co/FQIuom65OX"
"Uhh...jadi pgn ke Bromo, keren euyyy 
#PesonaBromo https://t.co/9YvO5lsXce"
". B l a w a n . 
#kawahijen #bromo #indonesia #lifeinindonesia @ https://t.co/T5791i1NY4"
"jangan lupa siapkan tanggal kalian, kita berangkat ke bromo. Harga mulai 350rb, langsung hubungi CP kami aja ;)"
"#Repost bromorunners 
If you're in Bromo or Malang this weekend, join the great bunch of Bromo https://t.co/r3vn0MOz2C"
"paket wisata bromo 370rb/orang untuk 6 orang start kota surabaya, 085646614454, 7fc44ae0, https://t.co/IrbXboyMV2"
Bromo https://t.co/x79Ds8ZDfO
"Labuan Bajo, Bromo jilid 2, Kawah Ijen, Pantai Papuma are on my whistlist!"
"Yang Mau ke Bromo, Hati-hati Lagi Badai Pasir https://t.co/NlIjHSOofl"
Tour bromo bersama kel bpk Dwi hadianto yogjakarta by ramadhan trans info klik www.wisatamalang99.blogspot. com 085 https://t.co/Nu6AqonmI5
"Yukk Liburan ke BROMO nggak mahal, hemat harga mulai 250rb/org, Call/Sms 082232957872"
"RT @Meytty_MY: Saran saya sich jangan ke Bromo,  BAHAYA.... 
Nti gak mau pulang @genpi_id 
#PesonaBromo
#GenPIMaluku
#PesonaIndonesia https"
"Yang Mau ke Bromo, Hati-hati Lagi Badai Pasir https://t.co/zSPY348PFG https://t.co/XRaw0zOhN8"
"RT @erzhalphotowork: bromo suda menjadi tempat terbaiku dalam bertafakur
#pesonabromo"
#bromo #malang #backpacker #travel #tourbromo #wisatamalang #penginapanmurah #hotelmalang #hostel #hostelmalang https://t.co/KQ1exLw34k
"RT @erzhalphotowork: gunung bromo lebih seksi dari apa yang kau bayangkan 
#pesonabromo"
"Menjaga Edelweis, Lambang Cinta Abadi di Bromo
#IndonesiaHebat
https://t.co/wpfH846XYH https://t.co/1J5BAIJZyr"
"RT @shafigh: Aduuh...
Kasian deh guweh kurang piknik akuhhh...
Belum pernah ke Bromo kak...
Yang punya foto bromo mentio  ke aku dong kak #"
Beautiful Mountain east Java || mountain_bromo  ||  ~~ || #bromomountain #bromo #jawatimur https://t.co/fit2jvb2ni
"paket wisata bromo 550rb/orang untuk 4 orang start kota surabaya, 085646614454, 7fc44ae0, https://t.co/IrbXboyMV2"
RT @KompasTV: [VIDEO] Suku Tengger Bromo Rayakan Yadnya Kasada https://t.co/KSvA7puSmp
Corn Baked mountain_bromo ||  || Like this Place || #cornbaked #corn #mountain https://t.co/7IiqlbmG5R
Taman Nasional BTS Bromo Tengger Semeru emang menyegarkan mata! #PesonaBromo @KarmenHeriana
Antara. Warga Suku Tengger melarung sesaji berupa ayam ke kawah Gunung Bromo saat Upacara Yadnya Kasada di gunung
Menyingkap Kabut Bromo https://t.co/hWIVniOigQ https://t.co/Y4WUHn3tEe
"Menjaga Edelweis, Lambang Cinta Abadi di Bromo https://t.co/ELiym41lFp"
[VIDEO] Suku Tengger Bromo Rayakan Yadnya Kasada https://t.co/gu0r4AYTNJ
"Suku Tengger, Yadnya Kasada dan eksotika Bromo. 

#PesonaBromo 
#PesonaIndonesia 
#WonderfulIndonesia https://t.co/8uXy42lm09"
[VIDEO] Suku Tengger Bromo Rayakan Yadnya Kasada https://t.co/KSvA7puSmp
#savanahill #bromo #indonesiatrip2017  @ Savana Hill https://t.co/sNJheEW3MY
"Pilihan wisata lainnya dari Ds Ngadas adalah trekking/berkuda dari Cemoro Lawang menuju lereng Bromo, sejauh tiga k https://t.co/kPb3VR4QDW"
"Tour Bromo Murah ! Harga mulai 365rb/org l Menikmati Sunrise, Kawah Bromo, Bukit Teletubies l Pasir Berbisik l Info : 085740601194"
"I'll climb a mountain there's none too steep @ Gunung Bromo, Probolinggo-Jawa Timur https://t.co/CPUGCeQ8sN"
"paket wisata bromo 890rb/orang untuk 2 orang start kota surabaya, 085646614454, 7fc44ae0, https://t.co/IrbXboyMV2"
"#Repost bossjoni (get_repost)

Eksotika Bromo...
World of wonder...
.
.
.
#galerifotopribadi https://t.co/8IJTsslKJc"
"@noahxanaqi @oteam1malaysia @outdoor_garage @keramatoutdoor @akubudakgunung @twt_hikingMY ini dekat indonesia, seme https://t.co/Nj4Wp7Ihvn"
looking for the future. #tkstory #via @ppaliwat @ Bromo Vulkano - https://t.co/Gyx35IQHWB
Kapan lagi sih. @ Gunung Bromo https://t.co/V69mjghS24
"RT @andreOPA: Desa Ngadas berada di wilayah Kec Poncokusumo, di ujung timur Kab. Malang, bagian Taman Nasional Bromo-Tengger-Semeru #Pesona"
"#opentrip

EXPLORE BROMO
4-7 AGT 2017
IDR 750.000 /pax *start jakarta

DESTINATION
 Alun alun https://t.co/JKfIvn5pr6"
".
Open trip BROMO Everyday
BERANGKAT TIAP HARI
TANPA MINIMUM PESERTA
1 ORANG BISA https://t.co/zGL3k2RZFC"
"One day trip keliling 3 pulau seribu only IDR 79.000/org.

==

Paket bromo start malang only IDR 300.000/org

Info: https://t.co/sZ1jauiDvO"
RT @CampaTour: Take a trip in Bromo with us https://t.co/EIRspvLnD5 #campatour #travel #wonderfulIndonesia #Bromo #heritage #historical #ad
Take a trip in Bromo with us https://t.co/EIRspvLnD5 #campatour #travel #wonderfulIndonesia #Bromo #heritage #historical #adventure #holiday
RT @budi_peak: Wisatawan yang ke bromo sejak dini hari ...berlibur ke Bromo dlu sblm le Semeru yaaa #PesonaBromo https://t.co/uI7BmZPkB4
"Bromo Tracking, Aksi Terjun di Atas Kawah Bromo https://t.co/EyKhRC9bP5"
"The magnificent mountain of Bromo 
.
#instatravel #mountain #Bromo @ Bromo Tengger Semeru https://t.co/wZNulHkpdM"
At Pangsit Mie Bromo Pojok [pic]  https://t.co/iv6bYMzUC4
"Bromo Tracking, Aksi Terjun di Atas Kawah Bromo https://t.co/jlYpUZJfEl"
I love bromo
RT @infoseni_: Masyarakat Gunung Bromo di Jawa Timur baru saja merayakan Yadnya Kesada (Kesodo) 9-10 Juli 2017 #PesonaBromo https://t.co/b6
RT @infoseni_: Kesodo tahun ini amat berbeda dengan sebelumnya karena dilakukan pra-event bernama Eksotika Bromo #PesonaBromo https://t.co/
"Yuukk Liburan ke BROMO nggak mahal, hemat harga mulai 250rb/org, Call/Sms 082232957872"
"yuk gabung bersama kami, paket tour liburan murah dan menyenangkan karimun jawa dan bromo , info chat bbm 74A6BC83 WA 081282441154"
#PesonaBromo Mt. Bromo Sunrise Eruption | 2016 National Geographic Travel Photographer of the Year https://t.co/pke067jaG5 via @natgeotravel
RT @budi_peak: Menari di pasir berbisik dan berlatarkan gunung Bromo... Kereeeen #PesonaBromo https://t.co/Gzak3KGJhf
"paket wisata bromo 370rb/orang untuk 6 orang start kota surabaya, 085646614454, 7fc44ae0, https://t.co/Ys1JE17DMA"
"Siapa lagi nih yang mau booking sewa motor + open trip bromo 
Cukup 1 tempat untuk kebutuhan https://t.co/fw8UwuEonR"
"Desa Ngadas berada di wilayah Kec Poncokusumo, di ujung timur Kab. Malang, bagian Taman Nasional Bromo-Tengger-Seme https://t.co/oGFrDdxvOs"
"Ada dua desa Orang Tengger yang layak dikunjungi saat berwisata ke Gunung Bromo, yaitu Desa Ngadas dan Ngadisari https://t.co/gdk6rIeskk"
"RT @LantasProb: Bertepatan dengan perayaan Hari Yadnya Kasada, Polres Bromo melaksanakan upacara HUT Bhayangkara https://t.co/CUQWGdokwb"
Bromo its emejing https://t.co/LlgJZX5Cxx
"Just Amazing View

Allah Sungguh Baik

#bromo #tripbromo #malang https://t.co/2DiigAyORp"
"Bertepatan dengan perayaan Hari Yadnya Kasada, Polres Bromo melaksanakan upacara HUT Bhayangkara https://t.co/CUQWGdokwb"
Dua kali ke Bromo dan memiliki adventure yang berbeda #PesonaBromo https://t.co/PoSfFgN7K4
"Spirit of Bromo 

 : Pura Luhur Poten, TNBTS


#explore #malang #exploremalang @ardyrakhmad https://t.co/y6wwYj4Xrk"
"RT @KingLuther31: biar hari telah gelap namun di puncak Bromo tetap terang, @ecacamarica 
#PesonaBromo #MingguIniWisataKemana #PesonaKopiIn"
"RT @FerdyKarel: Berhentilah mencari yang tepat karena tujuan selalu membawa kabar bahagia. Hay teman, ke bromo yuk
#PesonaBromo"
"Pasca Yadnya Kasada, Bromo Lovers Bersihkan Sampah https://t.co/tWE01ZRHZi"
"Pasca Yadnya Kasada, Bromo Lovers Bersihkan Sampah https://t.co/Hn4KrDHJIU https://t.co/NoTP0uBDvK"
Pasca Yadnya Kasada Bromo Lovers Bersihkan Sampah di Bromo https://t.co/XDFtXggzoL
Pasca Yadnya Kasada Bromo Lovers Bersihkan Sampah di Bromo  https://t.co/npMmCmt3EM
@null Pasca Yadnya Kasada Bromo Lovers Bersihkan Sampah di Bromo  https://t.co/WFEWenqOWa
RT @FerdyKarel: Udahlah cari tanggal yang tepat siapa tahu kita jodoh ketemu di bromo nanti #PesonaBromo #bromoteaser #bromo
"RT @GenPI_NTT: #PesonaBromo Kasada menyedot perhatian wisatawan, dan membuat mereka berlama-lama di Bromo"
"paket wisata bromo 550rb/orang untuk 4 orang start kota surabaya, 085646614454, 7fc44ae0, https://t.co/Ys1JE17DMA"
"RT @Beta_Ambonezz: Berikut data sejarah letusan gunung bromo yang telah di rangkum : 1896, 1893, 1890, 1888, 1886, 1887, 1886, #PesonaBromo"
"RT @GenpiPariaman: Kawasan Gunung Bromo tentu sudah tak asing lagi bagi para wisatawan, terutama mereka para petualang.
#PesonaBromo
#Peson"
Bosen ke Bromo? Yuk ke Kawah Ijen cuma 250K All Inc. Call @BeeproMGMT now! WA: 0897.00000.97 #IjenBlueFire... https://t.co/hxGJ3KMS0E
Bosen ke Bromo? Yuk ke Kawah Ijen cuma 250K All Inc. Call @BeeproMGMT now! WA: 0897.00000.97 #IjenBlueFire https://t.co/Hry6TxJApo
"Upacara HUT Bhayangkara ke-71 di Lautan Pasir Gunung Bromo
.
.
.
(Part https://t.co/hNY3pfF5qi"
"Berhentilah mencari yang tepat karena tujuan selalu membawa kabar bahagia. Hay teman, ke bromo yuk
#PesonaBromo"
Tiap hari berangkat ke Bromo!! 300K ALL INC. Call @BeeproMGMT now! WA: 0897.00000.97 #BromoDailyTour #BromoEveryday https://t.co/UAwOi1tsMY
"biar hari telah gelap namun di puncak Bromo tetap terang, @ecacamarica 
#PesonaBromo #MingguIniWisataKemana https://t.co/65XjRzTa0g"
Pukul 05:45 wib gunung bromo https://t.co/A1Ntg4ZVKC
"Upacara HUT Bhayangkara ke-71 di Lautan Pasir Gunung Bromo
.
.
.
(Part https://t.co/bcdgIkqXoF"
"Upacara HUT Bhayangkara ke-71 di Lautan Pasir Gunung Bromo
.
.
.
(Part https://t.co/9UiP1Pp4Ak"
RT ecacamarica RT Malicacysrylsrk: Indonesia mah kece #explorejatim #pesonabromo #traveling #bromo #mountbromo
"Yuukkk Liburan ke BROMO nggak mahal, hemat harga mulai 250rb/org, Call/Sms 082232957872"
"Jazz Gunung Bromo 2017, 18-19 Agustus 2017, Probolinggo, Jawa Timur @jazzgunung #JustClick https://t.co/XG8Y8O2ehV"
"Mau Rent car, city tour, Bromo Midnigt / shuttle airport?  Hub @utriptrans Call: 081333838369 WA: 082132874176 https://t.co/4tpQt8JfEN"
"Edisi sama mami lis 


09717

Thx:@marswisata   @ Bromo Tengger Semeru https://t.co/ke9xUYh5P3"
"paket wisata bromo 890rb/orang untuk 2 orang start kota surabaya, 085646614454, 7fc44ae0, https://t.co/Ys1JE17DMA"
#News Suku Tengger Bromo Peringati Yadnya Kasada  https://t.co/uAT2xFOA2c
"Great things never come from comfort zones.
#bromo #vsco #lifeofphotographer @ Bukit Cinta Bromo https://t.co/vpfHnJWALy"
Suku Tengger Bromo Peringati Yadnya Kasada https://t.co/p4DITYMohE https://t.co/6FgD6cErJ7
Indonesia mah kece #explorejatim #pesonabromo #traveling #bromo #mountbromo
"RT @erzhalphotowork: kau begitu mempesona bromo 

#pesonabromo"
"Menjaga Edelweis, Lambang Cinta Abadi di Bromo https://t.co/GIwPKImIH7"
"kau begitu mempesona bromo 

#pesonabromo"
"Open Trip Bromo Every Weekend | IDR 300K/Org, 1 orang bisa berangkat. 0822 4454 0826 https://t.co/FjTWftBV9W"
Dingin banget parah di Bromo. Pas sunrise keren banget pemandangannya. #WonderfulIndonesia  #PesonaBromo https://t.co/MtUbZJAoII
"selamat menikmati bromo 
#pesonabromo"
"paket wisata bromo 370rb/orang untuk 6 orang start kota surabaya, 085646614454, 7fc44ae0, https://t.co/NLiZHcCwPn"
tour murah berkualitas ke karimunjawa|bromo|sempu|etc. more info: 082213797729 (call/sms/wa)|https://t.co/YxDMysX8iX
"Ribuan Wisatawan Meriahkan Ritual Yadnya Kasada 2017 di Bromo https://t.co/4K1lrWgiPb
#WonderfulIndonesia https://t.co/hGY7IIzRta"
"dek mas mau ke mlg anterin ke bromo ya
gamau
duh dek kan km yg apal jln sama tmpt2nya
ntar nunggu bekas luka sama trauma ilang dulu"
RT @GenPI_NTT: Eksotika Bromo Memukau Wisman di Hari Raya Yadnya Kasada 2017 #PesonaBromo https://t.co/diSEW2Wazo
At Kawah Bromo [pic]  https://t.co/TvdTpPVHww
"RT @erzhalphotowork: jangan lupa selalu tersenyun nona 
karena kuda kuda bromo akan jatuh cinta denganmu
#pesonabromo"
RT @Beta_Ambonezz: Banyak produksi filem yang sudah di tayang yang pengambilan gambarnya di kawasan wisata Gunung Bromo #PesonaBromo #Mingg
RT @Beta_Ambonezz: Gunung Bromo mimiliki sebuah kawah dengan garis tengah  800 meter (utara-selatan) dan  600 meter (timur-barat).  #Peso
Ribuan Wisatawan Meriahkan Ritual Yadnya Kasada 2017 di Bromo. #PesonaBromo https://t.co/4ojr5IpC05 https://t.co/dX2ecj0gSu
" kluyuranyuk: Refresh otak ke bromo Sebelum menjalani rutinitas kembali ke pekerjaannya, setelah 3... https://t.co/XEoGOCuf2a"
 kluyuranyuk: Siap touring bromo https://t.co/cK393g4RNp
"RT @erzhalphotowork: mimpi yang sempurna jika bermimpi di atas tanah bromo 

#pesonabromo"
"RT @nyimaswd: Peringatan Hari Raya Yadnya Kasada 2017 di Gunung Bromo, Kabupaten Probolinggo, Jawa Timur sukses digelar. #PesonaBromo https"
"Yuukkkk Liburan ke BROMO nggak mahal, hemat harga mulai 250rb/org, Call/Sms 082232957872"
When its getting colder at Bromo. You better get yourself Pisang goreng and capuccino! #PesonaBromo https://t.co/PJv1RyOqyd
"paket wisata bromo 550rb/orang untuk 4 orang start kota surabaya, 085646614454, 7fc44ae0, https://t.co/NLiZHcCwPn"
RT @mr_soedrajat: Wisatawan rela berdesak-desakan untuk dapat menikmati #PesonaBromo #PesonaIndonesia panorama Bromo memang sangat mempeson
RT @GenpiPariaman: Bukit Teletubbies salah satu lokasi yang bisa diexplore di Bromo #PesonaBromo
"RT @eliaaW: Drinking a cup of tea and witnessing the sunset at bromo, that would be a great idea, unless there were you there too. #PesonaB"
"Padang rumput Bromo
sasmithamolek
taufiiq_hiippo ahmedyusron https://t.co/5BZPfapF47"
"Selain menikmati keindahan matahari terbit, pesona lain yang ditawarkan Gunung Bromo adalah berkuda di lautan pasirnya.."
Tour  bromo brsm keluarga bpk Dwi hadianto trmksh atas kepercayaanya pd kami mohon maaf apa bl ada salah &amp; kurangny https://t.co/PhYK8sEbih
RT @weningts: Aku juga belum pernah ke Bromo kak.. huks huuks  #PesonaBromo https://t.co/QXTCK2mr2W
"RT @KingLuther31: Kelak aku kan naik ke puncak Bromo lalu berteriak ""beta Maluku""
#PesonaBromo
#PesonaPantaiIndonesia
@GenPIMaluku @pesonai"
"Drinking a cup of tea and witnessing the sunset at bromo, that would be a great idea, unless there were you there too. #PesonaBromo"
RT @FerdyKarel: Lepaskan penat dan gelisah jika kau telah berdiri menikmati indahnya bromo. Bawalah pulang cinta dan kenangan indah bromo #
RT @erzhalphotowork: setelah rindu aku akan mengulum erat gelas kopi diatas gunung bromo #pesonabromo
RT @KingLuther31: @glennhuibert @art_petra95 @morikatetelepta lagi asyik main ludo sampai lupa Bromo. Hahahahaa  sepertinya mereka butuh r
"RT @FerdyKarel: Nona, bromo saja tetap setia menyejukan mata, kok nona masih mendua ? #PesonaBromo #bromo  #bromoteaser"
"RT @erzhalphotowork: berkendara zeep dilaut pasir bromo 
adalah kenikmatan surga dunia 
#pesonabromo"
RT @KingLuther31: Tim #ancola berencana bermalam dan di puncak Bromo sambil bermain ludo king selama 3hari 2malam @morikatetelepta @art_pet
"@glennhuibert @art_petra95 @morikatetelepta lagi asyik main ludo sampai lupa Bromo. Hahahahaa  sepertinya mereka butuh refresh
#PesonaBromo"
"RT @FerdyKarel: Orang Ambon bilang, nona ale akan lebih cantik kalau ale minum kopi di puncak bromo. #PesonaKopiIndonesia
#PesonaBromo #bro"
"RT @infoseni_: Pra-event Eksotika Bromo sukses besar, Wisman &amp; Wisnus memenuhi lautan pasir Bromo #PesonaBromo https://t.co/b4Dr4L5jil"
"My Trip Bromo

Join Trip Bromo
- Open Trip .
- Private Trip . .
.
Jadwal Open Trip
 Everyday https://t.co/TMTuJHTiXO"
"paket wisata bromo 890rb/orang untuk 2 orang start kota surabaya, 085646614454, 7fc44ae0, https://t.co/NLiZHcCwPn"
"Bagi suku Tengger, gunung Bromo adalah tempat suci. #PesonaBromo"
Berkendara zeep dilaut pasir Bromo adalah kenikmatan yang sangat menyenangkan #PesonaBromo https://t.co/QTFMXPZhXv
"RT @republikaonline: Menjaga Edelweis, Lambang Cinta Abadi di Bromo https://t.co/P5qWEi7lUO"
"RT @Andra_Dhesca: Pesona Bromo yang memukau 
#PesonaBromo #PesonaIndonesia https://t.co/uroVsLP50h"
Hari ini di Bromo ada acara menyambut Hari Raya #YadnyaKasada2017 yuk ke sana #PesonaBromo
Bukit Teletubbies salah satu lokasi yang bisa diexplore di Bromo #PesonaBromo
"Kawasan Gunung Bromo tentu sudah tak asing lagi bagi para wisatawan, terutama mereka para petualang.
#PesonaBromo https://t.co/A1pbrwEuAs"
Ritual Kasada yang masih ada hingga saat ini di Bromo. #PesonaBromo
"RT @tirtatourbali: Love Bromo ! 
#PesonaBromo https://t.co/M8qXAgaeM3"
"RT @gondrongg: belom pernah kesampaian ke bromo, klo ngliat ini sih keren banget #PesonaBromo https://t.co/HC51LaV34g"
Wonder in Wonderland. Bromo Tengger Semeru #PesonaBromo https://t.co/ZaA5BXWdyy
"#PesonaBromo Kali ini Kasada sangat berbeda, ada Eksotika Bromo. Ekstotika digarap swasta dan pemda serta digelar tiap pukul 14.00"
"Kawasan Gunung Bromo tentu sudah tak asing lagi bagi para wisatawan, terutama mereka para petualang.
#PesonaBromo https://t.co/YE4d8QIGma"
"cantik #PesonaBromo, itulah yg bikin destinasi BTS Bromo Tengger Semeru menjadi satu dari 10 destinasi prioritas y https://t.co/9vO4YeR8pc"
"Jangan ke Bromo ! Nanti Ga Mau Pulang :D
#PesonaBromo https://t.co/899FkI0ZwE"
"Selain menikmati keindahan matahari terbit, pesona lain yang ditawarkan Gunung Bromo adalah berkuda di lautan pasirnya.
#PesonaBromo"
"Pra-event Eksotika Bromo sukses besar, Wisman &amp; Wisnus memenuhi lautan pasir Bromo #PesonaBromo"
RT @tirtatourbali: Bromo memiliki sejuta Keindahan yang diberikan TUHAN kepada manusia ! Ke Bromo yuk Cuy #PesonaBromo https://t.co/7jB7eI0
"RT @budi_peak: Bangun om trus atur jadwal ke Bromo..
#PesonaBromo https://t.co/Wb89XDyAoo"
Kesodo tahun ini amat berbeda dengan sebelumnya karena dilakukan pra-event bernama Eksotika Bromo #PesonaBromo
"RT @tirtatourbali: Jangan ke Bromo ! Nanti Ga Mau Pulang :D
#PesonaBromo https://t.co/yldpM2uSKq"
"Jangan ke Bromo ! Nanti Ga Mau Pulang :D
#PesonaBromo"
"#PesonaBromo Seperti diketahui, Bromo merupakan salah satu dari 10 destinasi prioritas yang ditetapkan Kementerian https://t.co/YAZkQUY8BU"
Wonderful  @ Bromo Tengger Semeru National Park https://t.co/K0l8CTkoCW
Uniknya yang berada di sekitar Bromo. Turun ketepian kawah untuk memperebutkan apa yang di larungkan Suku Tengger tersebut. #PesonaBromo
"RT @Beta_Ambonezz: Itulah @ecacamarica, komplitdah pokoknya bromo ni.. #PesonaBromo https://t.co/zyiDVfADG8"
Sebagai sebuah obyek wisata Gunung Bromo menjadi menarik karena statusnya sebagai gunung berapi yang masih aktif. https://t.co/li9Mw779fV
Gunung Bromo mimiliki sebuah kawah dengan garis tengah  800 meter (utara-selatan) dan  600 meter (timur-barat). https://t.co/Y9WAp6YbKk
"RT @KingLuther31: Kalau di Pulau jawa, Bromo adalah semangat, maka di Maluku, Binaya ialah setia.
#PesonaBromo
#MingguIniWisataKemana
@peso"
"RT @tirtatourbali: Available : Promo PACKAGE BROMO (SUNRISE TOUR) 
More info : BB 7EBDD764 
#PesonaBromo https://t.co/31immVBVRv"
Namun dibalik semua itu Bromo memiliki sejarah panjang letusan.  #PesonaBromo https://t.co/2GR9aLJYyA
"Sesaji ini berupa hasil bumi, mulai dari hasil pertanian, perkebunan, hewan ternak &amp; masih banyak lagi, dilarang ke kawah Bromo #PesonaBromo"
Namun dibalik semua itu Bromo memiliki sejarah panjang letusan.  #PesonaBromo https://t.co/ex8B4EvL33
"Jelang dini hari, sesajen itu mulai dibawa naik ke kawah Gunung Bromo dan dilempar ke dalam kawah. #PesonaBromo"
RT @Beta_Ambonezz: Sedangkan daerah bahayanya berupa lingkaran dengan jari-jari 4 km dari pusat kawah Bromo.  #PesonaBromo
Sebagai sebuah obyek wisata Gunung Bromo menjadi menarik karena statusnya sebagai gunung berapi yang masih aktif. https://t.co/ZCJU0SEvQJ
"#PesonaBromo Seperti diketahui, Bromo merupakan salah satu dari 10 destinasi prioritas yang ditetapkan Kementerian https://t.co/SlF4Vl0Q18"
Wisatawan rela berdesak-desakan untuk dapat menikmati #PesonaBromo #PesonaIndonesia panorama Bromo memang sangat me https://t.co/nsZPgjZouV
"Peringatan Hari Raya Yadnya Kasada 2017 di Gunung Bromo, Kabupaten Probolinggo, Jawa Timur sukses digelar. https://t.co/EcsOcHs3VZ"
RT @Beta_Ambonezz: Namun dibalik semua itu Bromo memiliki sejarah panjang letusan.  #PesonaBromo https://t.co/SVmmkLY0sw
RT @Beta_Ambonezz: Sebagai sebuah obyek wisata Gunung Bromo menjadi menarik karena statusnya sebagai gunung berapi yang masih aktif. #Peson
RT @Priska_Sweety: #PesonaBromo pengen ke bromo
"Jelang dini hari, sesajen itu mulai dibawa naik ke kawah Gunung Bromo dan dilempar ke dalam kawah. #PesonaBromo https://t.co/89L07N0TBO"
RT @GenpiPariaman: Wonder in Wonderland. Bromo Tengger Semeru #PesonaBromo https://t.co/KnSQNBIn49
"RT @GenpiPariaman: #PesonaBromo Selain menikmati keindahan matahari terbit, pesona lain yang ditawarkan Gunung Bromo adalah berkuda di laut"
RT @GenpiPariaman: Kesodo tahun ini amat berbeda dengan sebelumnya karena dilakukan pra-event bernama Eksotika Bromo #PesonaBromo
"RT @GenpiPariaman: Bali kuat sangat kuat, karena budaya! Bromo dg Budaya Tengger juga akan kuat #PesonaBromo"
"RT @GenPiSumsel: Bagi suku Tengger, gunung Bromo adalah tempat suci. #PesonaBromo"
RT @GenpiPariaman: Belum pernah ke Bromo ? Ibarat parkir cantik dimulut rahim dan menunggu bosan datang bagaikan kiamat. #PesonaBromo #Brom
"RT @GenpiPariaman: Sesaji ini berupa hasil bumi, mulai dari hasil pertanian, perkebunan, hewan ternak &amp; masih banyak lagi, dilarang ke kawa"
"RT @GenpiPariaman: Upacara Kasada, cerita tentang pemukiman pertama di Bromo. @donkardono #PesonaBromo https://t.co/lKepa1SBbQ"
"Ribuan Wisatawan Meriahkan Ritual Yadnya Kasada 2017 di Bromo

#PesonaBromo selalu memikat wisatawan yang datang https://t.co/DvQKJunuyz"
"Jelang dini hari, sesajen itu mulai dibawa naik ke kawah Gunung Bromo dan dilempar ke dalam kawah. #PesonaBromo https://t.co/vBZgC8QbCO"
"RT @GenPiSumsel: Jelang dini hari, sesajen itu mulai dibawa naik ke kawah Gunung Bromo dan dilempar ke dalam kawah. #PesonaBromo https://t."
"RT @GenpiPariaman: Peringatan Hari Raya Yadnya Kasada 2017 di Gunung Bromo, Kabupaten Probolinggo, Jawa Timur sukses digelar. #PesonaBromo"
"Upacara Kasada, cerita tentang pemukiman pertama di Bromo. @donkardono #PesonaBromo https://t.co/lKepa1SBbQ"
"Sesaji ini berupa hasil bumi, mulai dari hasil pertanian, perkebunan, hewan ternak &amp; masih banyak lagi, dilarang ke https://t.co/1tQCscO1Ws"
Udahlah cari tanggal yang tepat siapa tahu kita jodoh ketemu di bromo nanti #PesonaBromo #bromoteaser #bromo
"RT @GenPiSumsel: Sesaji ini berupa hasil bumi, mulai dari hasil pertanian, perkebunan, hewan ternak &amp; masih banyak lagi, dilarang ke kawah"
"RT @erzhalphotowork: kamu taukan aku telah menitip rindu buat MALUKU dari atas puncak BROMO
#pesonabromo"
"RT @erzhalphotowork: tetap ceep calm dan selamat menikmati bromo 

#pesonabromo"
Belum pernah ke Bromo ? Ibarat parkir cantik dimulut rahim dan menunggu bosan datang bagaikan kiamat. #PesonaBromo #Bromo #bromoteaser
RT @GenPiSumsel: Uniknya yang berada di sekitar Bromo. Turun ketepian kawah untuk memperebutkan apa yang di larungkan Suku Tengger tersebut
RT @FerdyKarel: Belum pernah ke Bromo ? Ibarat parkir cantik dimulut rahim dan menunggu bosan datang bagaikan kiamat. #PesonaBromo #Bromo #
looking for the miracle shots. #tkstory @ Bromo Vulkano - Java https://t.co/jOMZIuo5dj
RT @GenpiPariaman: Lepaskan penat dan gelisah jika kau telah berdiri menikmati indahnya bromo. Bawalah pulang cinta dan kenangan indah brom
"RT @GenpiPariaman: berkendara zeep dilaut pasir bromo 
adalah kenikmatan surga dunia 
#pesonabromo https://t.co/AibTLezZir"
"RT @GenpiPariaman: #PesonaBromo
Bukit Teletubbies salah satu lokasi yg bs diexplore di Bromo.
#MingguIniWisataKemana @shafigh @jheipul @Nas"
"Bali kuat sangat kuat, karena budaya! Bromo dg Budaya Tengger juga akan kuat #PesonaBromo"
"RT @GenPiSumsel: Bali kuat sangat kuat, karena budaya! Bromo dg Budaya Tengger juga akan kuat #PesonaBromo"
"RT @GenpiPariaman: Bukit Teletubbies salah satu lokasi yg bs diexplore di Bromo.
#MingguIniWisataKemana @shafigh @jheipul @Nasroel_Pm @Meyt"
RT @GenPiSumsel: Kesodo tahun ini amat berbeda dengan sebelumnya karena dilakukan pra-event bernama Eksotika Bromo #PesonaBromo
"RT @erzhalphotowork: pangeran pangeran tangguh dilautan pasir bromo 
#pesonabromo"
"#PesonaBromo Selain menikmati keindahan matahari terbit, pesona lain yang ditawarkan Gunung Bromo adalah berkuda di lautan pasirnya."
RT @eliaaW: Riding zeep on the sand of bromo is a  piece of fun #PesonaBromo https://t.co/iage8y0lHu
Keindahan Bromo punya daya tarik sangat luar Biasa #PesonaBromo https://t.co/goOvyotvjN #BajuKebayaPestaTermurah #Tokopedia lewat @Tokopedia
"RT @GenPiSumsel: Selain menikmati keindahan matahari terbit, pesona lain yang ditawarkan Gunung Bromo adalah berkuda di lautan pasirnya.
#"
"RT @GenpiPariaman: @AgnesMoonicaa Hari ini di Bromo ada acara menyambut Hari Raya #YadnyaKasada2017 yuk ke sana #PesonaBromo

#HayuKaJabar"
RT @eliaaW: I'm thinking of you everytime I see pictures of Bromo. Why? So peaceful. #PesonaBromo
RT @GenpiPariaman: Ritual Kasada yang masih ada hingga saat ini di Bromo. #PesonaBromo
RT @GenpiPariaman: Hari ini di Bromo ada acara menyambut Hari Raya #YadnyaKasada2017 yuk ke sana #PesonaBromo
Wonder in Wonderland. Bromo Tengger Semeru #PesonaBromo https://t.co/KnSQNBIn49
"Nona, bromo saja tetap setia menyejukan mata, kok nona masih mendua ? #PesonaBromo #bromo  #bromoteaser"
RT @GenPiSumsel: Wonder in Wonderland. Bromo Tengger Semeru #PesonaBromo https://t.co/FW3g5kG56o
RT @GenPiSumsel: Hari ini di Bromo ada acara menyambut Hari Raya #YadnyaKasada2017 yuk ke sana #PesonaBromo
"Sukses digelar Peringatan Hari Raya Yadnya Kasada 2017 di Gunung Bromo, Kabupaten Probolinggo, https://t.co/n36qXy7Tap"
RT @GenPiSumsel: Ritual Kasada yang masih ada hingga saat ini di Bromo. #PesonaBromo
Riding zeep on the sand of bromo is a  piece of fun #PesonaBromo https://t.co/iage8y0lHu
"RT @GenPiSumsel: Berkendara zeep dilaut pasir Bromo 
adalah kenikmatan yang sangat menyenangkan #PesonaBromo https://t.co/Y1ylNkPSMN"
RT @kompascom: Suku Tengger Bromo Rayakan Yadnya Kasada  https://t.co/HLO5SDECY7
"Menjaga Edelweis, Lambang Cinta Abadi di Bromo - Republika Online https://t.co/Gm41X6BT8c"
"Berkendara zeep dilaut pasir Bromo 
adalah kenikmatan yang sangat menyenangkan #PesonaBromo https://t.co/Y1ylNkPSMN"
"Yuuukkkk Liburan ke BROMO nggak mahal, hemat harga mulai 250rb/org, Call/Sms 082232957872"
"#opentrip BROMO &amp;RIVER TUBING SUNGAI AMPRONG, HANYA Rp. 575.000,- Disc s/d 100% . Wa/Phone 081310052050. https://t.co/zDVhwwQYqm"
I'm thinking of you everytime I see pictures of Bromo. Why? So peaceful. #PesonaBromo
"Menjaga Edelweis, Lambang Cinta Abadi di Bromo https://t.co/SHbJ8gdpFZ"
"RT @GenpiPariaman: Bali kuat karena budaya! Jogja kuat juga karena budayanya! Bromo kalau ingin hebat, juga harus perkuat budayanya #Pesona"
"RT @erzhalphotowork: jangan mati sebelum ke bromo 

#pesonabromo"
Wonder in Wonderland. Bromo Tengger Semeru #PesonaBromo https://t.co/FW3g5kG56o
"RT @OktinaRahayu: Hari ini di Bromo ada acara menyambut Hari Raya #YadnyaKasada2017 yuk ke sana #PesonaBromo

#HayuKaJabar
#GenPIJabar http"
"@AgnesMoonicaa Hari ini di Bromo ada acara menyambut Hari Raya #YadnyaKasada2017 yuk ke sana #PesonaBromo

#HayuKaJabar
#GenPIJabar"
Ritual Kasada yang masih ada hingga saat ini di Bromo. #PesonaBromo https://t.co/cKf6vs75C2
"RT @NanaZakaria7: Hari ini di Bromo ada acara menyambut Hari Raya #YadnyaKasada2017 yuk ke sana #PesonaBromo

#HayuKaJabar
#GenPIJabar http"
"RT @EsaAjah7: Hari ini di Bromo ada acara menyambut Hari Raya #YadnyaKasada2017 yuk ke sana #PesonaBromo

#HayuKaJabar
#GenPIJabar https://"
"RT @rismaku96: Hari ini di Bromo ada acara menyambut Hari Raya #YadnyaKasada2017 yuk ke sana #PesonaBromo

#HayuKaJabar
#GenPIJabar https:/"
"RT @SyifaAlexa1: Hari ini di Bromo ada acara menyambut Hari Raya #YadnyaKasada2017 yuk ke sana #PesonaBromo

#HayuKaJabar
#GenPIJabar https"
"paket wisata bromo 300rb/orang untuk 6 orang berangkat dari kota malang, Hanz ( 085646614454, 7fc44ae0 ) https://t.co/uHoV3sFo5o"
"RT @Allysa_Bohay: Hari ini di Bromo ada acara menyambut Hari Raya #YadnyaKasada2017 yuk ke sana #PesonaBromo

#HayuKaJabar
#GenPIJabar http"
"pangeran pangeran tangguh dilautan pasir bromo 
#pesonabromo"
"RT @MUFC_Indonesia_: Hari ini di Bromo ada acara menyambut Hari Raya #YadnyaKasada2017 yuk ke sana #PesonaBromo

#HayuKaJabar
#GenPIJabar h"
"Bagi suku Tengger, gunung Bromo adalah tempat suci. #PesonaBromo https://t.co/lBiC20KzaG"
"Wow, Relawan Bersihkan Sampah Pasca Kasada Bromo Probolinggo
https://t.co/YmsmeJKlqg"
"Bukit Teletubbies salah satu lokasi yg bs diexplore di Bromo.
#MingguIniWisataKemana @shafigh @jheipul @Nasroel_Pm https://t.co/939kNUGQPE"
"RT @erzhalphotowork: aku akan mengajak kamu dan berbisik kepadamu bahwa indonesia begitu indah dan bromo yang begitu cantik
#pesonabromo"
RT @FerdyKarel: Akhirnya mata menjadi indera perasa yang menyentuh hati. Ribuan pasang mata yang memeluk Bromo. #PesonaBromo https://t.co/K
"RT @GenPiSumsel: Peringatan Hari Raya Yadnya Kasada 2017 di Gunung Bromo, Kabupaten Probolinggo, Jawa Timur sukses digelar. #PesonaBromo ht"
"#PesonaBromo
Bukit Teletubbies salah satu lokasi yg bs diexplore di Bromo.
#MingguIniWisataKemana @shafigh @jheipul https://t.co/ZIquggFtdF"
RT @eliaaW: Bromo surrounded by clouds. Things you must see. #PesonaBromo
"berkendara zeep dilaut pasir bromo 
adalah kenikmatan surga dunia 
#pesonabromo https://t.co/AibTLezZir"
Lepaskan penat dan gelisah jika kau telah berdiri menikmati indahnya bromo. Bawalah pulang cinta dan kenangan indah https://t.co/0rgQBWOcW6
"Bali kuat karena budaya! Jogja kuat juga karena budayanya! Bromo kalau ingin hebat, juga harus perkuat budayanya https://t.co/h3s9bu86w6"
Suku Tengger sampai saat ini masih terap menghuni dan tinggal di kawasan Bromo. #PesonaBromo https://t.co/Zu3jF14Luo
"RT @arif_ma2n: @GenpiJabar @GenPiJatim @pesonaid_travel Bali kuat karena budaya! Jogja kuat juga karena budayanya! Bromo kalau ingin hebat,"
"Tim #ancola berencana bermalam dan di puncak Bromo sambil bermain ludo king selama 3hari 2malam @morikatetelepta @art_petra95
#PesonaBromo"
RT @GenpiPariaman: Tari Pepe Pepe Bainea Ri Gowa Ramaikan Event Eksotika Bromo https://t.co/HGITOBAa9o lewat tribuntimur #PesonaBromo http
"Menjaga Edelweis, Lambang Cinta Abadi di Bromo https://t.co/P5qWEi7lUO"
"RT @arcotransep: Peringatan Hari Raya Yadnya Kasada 2017 di Gunung Bromo, Jawa Timur. #PesonaBromo https://t.co/Tpv8Gvajdj"
Suku Tengger Bromo Rayakan Yadnya Kasada  https://t.co/HLO5SDECY7
Uniknya yang berada di sekitar Bromo. Turun ketepian kawah untuk memperebutkan apa yang di larungkan Suku Tengger t https://t.co/KqPJdn9C8h
Suku Tengger adalah suku asli di Bromo. @donkardono @genpi_id @pesonaid_travel #PesonaBromo https://t.co/nLf6QAqP0i
"tetap ceep calm dan selamat menikmati bromo 

#pesonabromo"
"Orang Ambon bilang, nona ale akan lebih cantik kalau ale minum kopi di puncak bromo. #PesonaKopiIndonesia https://t.co/O7BpmZyDFw"
Aku juga belum pernah ke Bromo kak.. huks huuks  #PesonaBromo https://t.co/QXTCK2mr2W
"Peringatan Hari Raya Yadnya Kasada 2017 di Gunung Bromo, Jawa Timur. #PesonaBromo https://t.co/Tpv8Gvajdj"
RT @herawati12r: Indonesia mah kece #explorejatim #pesonabromo #traveling #bromo #mountbromo
"kamu taukan aku telah menitip rindu buat MALUKU dari atas puncak BROMO
#pesonabromo"
"RT @erzhalphotowork: percaya atau tidak bromo adalah ""KETENANGAN""
#pesonabromo"
"Sesaji ini berupa hasil bumi, mulai dari hasil pertanian, perkebunan, hewan ternak &amp; masih banyak lagi, dilarang ke https://t.co/ut8SqfuYfG"
"Upacara Kasada, cerita tentang pemukiman pertama di Bromo. @donkardono #PesonaBromo https://t.co/YPfstzsL4U"
Pengen ke bromo samaaa
"jangan lupa selalu tersenyun nona 
karena kuda kuda bromo akan jatuh cinta denganmu
#pesonabromo"
"Peringatan Hari Raya Yadnya Kasada 2017 di Gunung Bromo, Kabupaten Probolinggo, Jawa Timur sukses digelar. https://t.co/SiuN19fQvv"
"Jelang dini hari, sesajen itu mulai dibawa naik ke kawah Gunung Bromo dan dilempar ke dalam kawah. #PesonaBromo https://t.co/u4xpSrhESA"
"RT @FerdyKarel: Bromo dan rindu, bromo dan tenang, bromo dan dia, bromo dan luka, bromo dan cerita, bromo dan rumah, bromo dan cinta. #Peso"
"Peringatan Hari Raya Yadnya Kasada 2017 di Gunung Bromo, Kabupaten Probolinggo, Jawa Timur sukses digelar. https://t.co/ly8DTKsVKZ"
"Peringatan Hari Raya Yadnya Kasada 2017 di Gunung Bromo, Kabupaten Probolinggo, Jawa Timur sukses digelar. https://t.co/Pymr5bZeoL"
"Peringatan Hari Raya Yadnya Kasada 2017 di Gunung Bromo, Kabupaten Probolinggo, Jawa Timur sukses digelar. https://t.co/ssu4KFK93C"
Ma luv  @ Gunung Bromo https://t.co/Ckeh31tnRo
"mimpi yang sempurna jika bermimpi di atas tanah bromo 

#pesonabromo"
Tari Pepe-pepe Bainea ri Gowa Tampil di Eksotika Bromo : https://t.co/yciU7MGvab #PESONABROMO https://t.co/N2Hkf2VRFe
"Bromo dan rindu, bromo dan tenang, bromo dan dia, bromo dan luka, bromo dan cerita, bromo dan rumah, bromo dan cinta. #PesonaBromo #bromo"
Di Bromo itu ada suku Tengger. #PesonaBromo https://t.co/diky9DDBWL
"percaya atau tidak bromo adalah ""KETENANGAN""
#pesonabromo"
"karena di Bromo kau ingin waktu berjalan slow-mo. pulang rugi, tak pulang sudi. #PesonaBromo"
"Wisata Gunung Bromo Every Weekend, 1 orang berangkat  Kota Malang / 0857 4698 2165 / https://t.co/NtFiscJvKB  https://t.co/KC2EtLHNfT"
Gamelan Bambu Raksasa Tampil di Eksotika Bromo #PesonaBromo https://t.co/yLqG1ZKsUs https://t.co/r10Oe8LFwn
Tari Pepe Pepe Bainea Ri Gowa Ramaikan Event Eksotika Bromo https://t.co/HGITOBAa9o lewat tribuntimur #PesonaBromo https://t.co/TlvjHt1Kv1
@GenpiJabar @GenPiJatim @pesonaid_travel Bali kuat karena budaya! Jogja kuat juga karena budayanya! Bromo kalau ing https://t.co/k573Ajb5yn
Lepaskan penat dan gelisah jika kau telah berdiri menikmati indahnya bromo. Bawalah pulang cinta dan kenangan indah https://t.co/qIWeCPu3mr
"berkendara zeep dilaut pasir bromo 
adalah kenikmatan surga dunia 
#pesonabromo"
Bromo surrounded by clouds. Things you must see. #PesonaBromo
"#PesonaBromo
Bukit Teletubbies salah satu lokasi yg bs diexplore di Bromo.
#MingguIniWisataKemana @shafigh @jheipul https://t.co/er65Qm7q1O"
"Peringatan Hari Raya Yadnya Kasada 2017 di Gunung Bromo, Kabupaten Probolinggo, Jawa Timur sukses digelar. https://t.co/vdluwnlXJf"
"Hari ini di Bromo ada acara menyambut Hari Raya #YadnyaKasada2017 yuk ke sana #PesonaBromo

#HayuKaJabar
#GenPIJabar https://t.co/OmY0jpYKtO"
"Hari ini di Bromo ada acara menyambut Hari Raya #YadnyaKasada2017 yuk ke sana #PesonaBromo

#HayuKaJabar
#GenPIJabar https://t.co/COYxOIc1Mq"
"Hari ini di Bromo ada acara menyambut Hari Raya #YadnyaKasada2017 yuk ke sana #PesonaBromo

#HayuKaJabar
#GenPIJabar https://t.co/sokGJQTWkm"
"Hari ini di Bromo ada acara menyambut Hari Raya #YadnyaKasada2017 yuk ke sana #PesonaBromo

#HayuKaJabar
#GenPIJabar https://t.co/HW3jcRBXhP"
"Hari ini di Bromo ada acara menyambut Hari Raya #YadnyaKasada2017 yuk ke sana #PesonaBromo

#HayuKaJabar
#GenPIJabar https://t.co/2WMPPVONK3"
"Hari ini di Bromo ada acara menyambut Hari Raya #YadnyaKasada2017 yuk ke sana #PesonaBromo

#HayuKaJabar
#GenPIJabar https://t.co/qeHFrhyehv"
"Hari ini di Bromo ada acara menyambut Hari Raya #YadnyaKasada2017 yuk ke sana #PesonaBromo

#HayuKaJabar
#GenPIJabar https://t.co/KTe3oqoKLO"
"RT @KingLuther31: @GenPIMaluku harus punya semangat yang tinggi seperti gunung Bromo untuk memajukan wisata Indonesia.
#PesonaBromo
#Minggu"
@shafigh Katanya Juli-Agustus itu paling ideal buat menikmati Bromo lho kakak @shafigh cuuzzz buruan berangkat 
setelah rindu aku akan mengulum erat gelas kopi diatas gunung bromo #pesonabromo
RT @erzhalphotowork: seperti biola tak berdawai hidupmu jika belum ke bromo #pesonabromo
"Eksotika Bromo, Tatkala Seni Budaya dan Alam Bersatu https://t.co/mfi61c9Xub https://t.co/3PVsa4Z4BU"
"Lagi pada ngomongin #PesonaBromo ya? Jadi inget perjalanan ke Bromo beberapa tahun lalu. Walo ikut tur, tapi seru j https://t.co/7XKtgxiCJV"
"paket wisata bromo 450rb/orang untuk 4 orang berangkat dari kota malang, Hanz ( 085646614454, 7fc44ae0 ) https://t.co/uHoV3sFo5o"
"jangan mati sebelum ke bromo 

#pesonabromo"
"RT @juned_kp100: Mt. Bromo...
#mountains #bromo #trip #jalanjalan #exotic #adventure #backpaker #pesonabromo https://t.co/wN4a3Jpncy"
RT @muchamadhusyein: #PesonaBromo Mt. Bromo Sunrise Eruption | 2016 National Geographic Travel Photographer of the Year https://t.co/6YS6Zw
Ribuan Wisatawan Meriahkan Ritual Yadnya Kasada 2017 di Bromo. #PesonaBromo https://t.co/uPu8ETR0IV https://t.co/A0IA5IU1ce
"#pesonabromo
Masih mau tahu lagi keindahan bromo?
Kita senang petualangan. #AdrenalinJunkies https://t.co/Sf6wLRvHvC"
#PesonaBromo i live in Malang but i've never visited Bromo Mountain . Let's go hiking together Jin  @BTS_twt
Tari Pepe Pepe Bainea Ri Gowa Ramaikan Event Eksotika Bromo https://t.co/Xo1WHAVC1T lewat @tribuntimur #PesonaBromo
seperti biola tak berdawai hidupmu jika belum ke bromo #pesonabromo
"Badai Pasir Melanda di Kaldera Bromo, Sejak Sepekan Terakhir
https://t.co/22EAL2PDZt  #peristiwa #news #pojokpitu https://t.co/9wGCFcjG86"
"RT @morikatetelepta: pergi ke bromo lihat kawah
sebab wisata tak selalu yang mewah-mewah

#pantun
#PesonaBromo"
Kasodo (Tadnya Kasada) Ritual adat suku Tengger Gunung Bromo #PesonaBromo
"Bromo, kemana pun berpijak tetap @FCBayern di hati @TabloidBOLA @tiket #BolaGoestoICC #PastiAda jalan bertemu team https://t.co/D6FHmwTTpf"
"RT @FerdyKarel: Kutinggalkan jejak kakiku di padang pasir bromo, bersama semua kenangan tentang dia dan mereka. #PesonaBromo"
"Eksotika #Bromo Memukau Wisman di Hari Raya Yadnya Kasada 2017 - https://t.co/ekkPcB5Tft
#Menpar https://t.co/70j9D1iv0k"
"Kutinggalkan jejak kakiku di padang pasir bromo, bersama semua kenangan tentang dia dan mereka. #PesonaBromo"
"Perayaan hari raya yadnya kasada dilakukan oleh suku tengger di kawah gunung bromo,senin,10 juli 2017,sukses menari https://t.co/0hJTs9Rj7Y"
".
Open trip BROMO Everyday
BERANGKAT TIAP HARI
TANPA MINIMUM PESERTA
1 ORANG BISA https://t.co/MxGUwp6b2C"
The massif area is one of the most visited tourist attractions.The volcano belongs to the Bromo Tengger https://t.co/lNeoAMzYVt
"RT @art_petra95: orang Ambon bilang :
jang mau mati bodo-bodo sebelum injak paser bromo
#PesonaBromo"
"RT @erzhalphotowork: ""kuda2 yang slalu tersenyum &amp; keindahan di langit-langit bromo""
itu adalah krinduan yg slalu ku nikmati dari kaki lang"
Eksotika Bromo Memukau Wisman di Hari Raya Yadnya Kasada 2017 https://t.co/lTIuHLRyU9 #PesonaBromo https://t.co/IBuv0KOnG9
Akhirnya mata menjadi indera perasa yang menyentuh hati. Ribuan pasang mata yang memeluk Bromo. #PesonaBromo https://t.co/KywLte8uSk
"The name of Bromo derived from Javanese pronunciation of Brahma, the Hindu creator god. #PesonaBromo https://t.co/qJ8fVHkFSG"
"Eksotika Gunung Bromo, Tiada Tara: https://t.co/B1y3XEq617 via @YouTube"
"RT @infoseni_: Ribuan Foto Bromo beredar dimana2, jika ditambah unsur budaya, akan makin mempopulerkan Bromo untuk semakin mendunia #Pesona"
"RT @KingLuther31: Tahun depan #GenerasiPesonaIndonesia harus pikik di puncak Bromo. Haruuss
#PesonaBromo
#MingguIniWisataKemana  @donkardon"
"Alam tak pernah punya rupa, Ia adalah rasa yang mengenang.
#bromo #kawahbromo #bromoview https://t.co/ya35Vk3i4k"
"RT @morikatetelepta: kaki gunung, kaki abu
jangan lupa ke bromo, pak dan ibu

#pantun
#PesonaBromo"
#PesonaBromo Ku rindu bromo
"Jelajah Bromo Dimulai dari Desa Wonokitri, Wajib Pakai Jeep Kalau Tak Ingin Repot https://t.co/9SxMctPn02 #PesonaBromo"
"4 Lokasi yang Wajib Disinggahi Saat Menjelajahi Gunung Bromo, Mulai Penanjakan hingga Kawah https://t.co/HtCOCrKZ6D #PesonaBromo"
"Jelajah Sabana hingga Pasir Berbisik, Ini Biaya Sewa Penginapan, Jeep, dan Kuda di Gunung Bromo https://t.co/9KM7ToYU5z #PesonaBromo"
"3 Alasan Kenapa Kamu Harus Jelajahi Bromo Saat Dini Hari, Nomor 3 Paling Diincar https://t.co/4QYt5fD6JM #PesonaBromo"
Eksotika Bromo Bikin Wisatawan Asing Betah di Bromo - Tengger - https://t.co/yNUeoSn0ZG https://t.co/mGz0bOn6H6
"aku akan mengajak kamu dan berbisik kepadamu bahwa indonesia begitu indah dan bromo yang begitu cantik
#pesonabromo"
"Yuuukkkkk Liburan ke BROMO nggak mahal, hemat harga mulai 250rb/org, Call/Sms 082232957872"
"#opentrip BROMO &amp; AIR TERJUN COBAN PELANGI, HANYA Rp. 525.000,- Disc s/d 100% .Wa/Phone 081310052050. https://t.co/P3MhXv2q22"
"RT @art_petra95: di Ambon seniman jalanan pun kena demam Ludo
ya udah main pake duit kalau menang pegi ke Bromo
#pesonaBroma"
RT @Mom_traveler: Bromo itu simply magnificent #pesonabromo @shafigh https://t.co/zPqSARdmpw
"bromo suda menjadi tempat terbaiku dalam bertafakur
#pesonabromo"
"I've never been to Bromo before,but It always have been my dream to go there someday,the dream shall be accomplished this year.#pesonabromo"
"paket wisata bromo 700rb/orang untuk 2 orang berangkat dari kota malang, Hanz ( 085646614454, 7fc44ae0 ) https://t.co/uHoV3sFo5o"
"gunung bromo lebih seksi dari apa yang kau bayangkan 
#pesonabromo"
RT @erzhalphotowork: hei nona selain kamu yang slalu aku rindukan dialah matahari pagi yang slalu aku rindukan di bawah langit pagi bromo
RT @BeeproMGMT: Tiap hari berangkat ke Bromo!! 300K ALL INC. Call @BeeproMGMT now! WA: 0897.00000.97 #BromoDailyTour... https://t.co/QgZtP
"""Do a walk to the sunrise viewpoint of Mount Bromo!""  on (7 awesome things to do in Bromo!)
https://t.co/XsaDWQCiHv
#pesonabromo"
"RT @morikatetelepta: makan bakso, naik kuda
jangan lupa ke bromo ya kawakawan muda
#pantun
#PesonaBromo"
Sebelum naik ke Bromo sebaiknya mampir makan sebentar di warung Bude. #PesonaBromo https://t.co/n9exHNhg8m
"hei nona selain kamu yang slalu aku rindukan dialah matahari pagi yang slalu aku rindukan di bawah langit pagi bromo

#pesonabromo"
"orang Ambon bilang :
jang mau mati bodo-bodo sebelum injak paser bromo
#PesonaBromo"
Gunung Bromo mimiliki sebuah kawah dengan garis tengah  800 meter (utara-selatan) dan  600 meter (timur-barat). https://t.co/qONYY18cbG
"RT @erzhalphotowork: assalamualaikum bromo 

#pesonabromo"
"burung biruku sedang terbang dengan rindu rindu di atas gunung bromo 

#pesonabromo"
"kaki gunung, kaki abu
jangan lupa ke bromo, pak dan ibu

#pantun
#PesonaBromo"
"assalamualaikum bromo 

#pesonabromo"
Tiap hari berangkat ke Bromo!! 300K ALL INC. Call @BeeproMGMT now! WA: 0897.00000.97 #BromoDailyTour... https://t.co/QgZtPyElB9
Tiap hari berangkat ke Bromo!! 300K ALL INC. Call @BeeproMGMT now! WA: 0897.00000.97 #BromoDailyTour #BromoEveryday https://t.co/wSuibtUNXv
Tiap hari berangkat ke Bromo!! 300K ALL INC. Call @BeeproMGMT now! WA: 0897.00000.97 #BromoDailyTour #BromoEveryday https://t.co/pDaX8izDWh
"debu dibawah kaki gunung bromo adalah oksigen yang harus dinikmati
#pesonabromo"
"Mount Bromo sits in the middle of a plain called the ""Sea of Sand"" (Javanese: Segara Wedi or Indonesian: Lautan Pas https://t.co/k9aZLQvL4L"
"di Ambon seniman jalanan pun kena demam Ludo
ya udah main pake duit kalau menang pegi ke Bromo
#pesonaBroma"
"The name of Bromo derived from Javanese pronunciation of Brahma, the Hindu creator god. #PesonaBromo https://t.co/SlHukEioa1"
Bromo itu simply magnificent #pesonabromo @shafigh https://t.co/zPqSARdmpw
The massif area is one of the most visited tourist attractions.The volcano belongs to the Bromo Tengger Semeru Nati https://t.co/s8EZiaY42Q
"pergi ke bromo lihat kawah
sebab wisata tak selalu yang mewah-mewah

#pantun
#PesonaBromo"
"""kuda2 yang slalu tersenyum &amp; keindahan di langit-langit bromo""
itu adalah krinduan yg slalu ku nikmati dari kaki langit maluku
#PesonaBromo"
"Tahun depan #GenerasiPesonaIndonesia harus pikik di puncak Bromo. Haruuss
#PesonaBromo
#MingguIniWisataKemana  @donkardono @shafigh @jheipul"
"Seperti Ini Prosesi Larung Sesaji Yadnya Kasada ke Kawah Bromo
#IndonesiaHebat
https://t.co/pj4cHUnqEi https://t.co/hRROrRmccD"
"Kawan, peringatan Yadnya Kasada 2017 di Bromo, Probolinggo, Jatim makin memperkuat #PesonaBromo"
"Mount Bromo is an active volcano and part of the Tengger massif, in East Java, Indonesia. At 2,329 metres (7,641 ft https://t.co/E7y13n5H2h"
"Ribuan Foto Bromo beredar dimana2, jika ditambah unsur budaya, akan makin mendunia #PesonaBromo https://t.co/TKb6ui3q0B"
"@GenPIMaluku harus punya semangat yang tinggi seperti gunung Bromo untuk memajukan wisata Indonesia.
#PesonaBromo
#MingguIniWisataKemana"
"RT @shafigh: Aku kok pingin ya ke Bromo
#PesonaBromo https://t.co/CeA83ie60I"
Kesodo tahun ini amat berbeda dengan sebelumnya karena dilakukan pra-event bernama Eksotika Bromo #PesonaBromo https://t.co/46Eo4BoKVV
"Jogja kuat, juga karena budayanya! Bromo kalau ingin hebat, perkuat budayanya #PesonaBromo"
"RT @erzhalphotowork: lagi jalan jalan eh ketemunya sama  rindu :)
-rindu naik kuda rindu mendaki di bromo-

#pesonabromo #genpi"
"RT @NM_Bondan: ""Kali ini Kasada sangat berbeda, ada Eksotika Bromo. Ekstotika digarap swasta dan pemda serta digelar tiap pukul 14.00. #Pes"
"Sukses digelar Peringatan Hari Raya Yadnya Kasada 2017 di Gunung Bromo, Kabupaten Probolinggo, Jawa Timur Minggu (1 https://t.co/GI3KiKtaNg"
"Sukses digelar Peringatan Hari Raya Yadnya Kasada 2017 di Gunung Bromo, Kabupaten Probolinggo, Jawa Timur Minggu (1 https://t.co/J0vsQdEe8a"
Peringatan Hari Raya Yadnya Kasada 2017 di Gunung Bromo #PesonaBromo https://t.co/DosJWL8qAZ
"RT @GenPI_NTT: #PesonaBromo Seperti diketahui, Bromo merupakan salah satu dari 10 destinasi prioritas yang ditetapkan Kementerian Pariwisat"
Peringatan Hari Raya Yadnya Kasada 2017 di Gunung Bromo #PesonaBromo @infoseni_ https://t.co/uzygN6JgPn
Masyarakat Gunung Bromo di Jawa Timur baru saja merayakan Yadnya Kesada (Kesodo) 9-10 Juli 2017 #PesonaBromo
"RT @NM_Bondan: Peringatan Yadnya Kasada 2017 di Gunung Bromo Kabupaten Probolinggo, Jawa Timur, sangat berbeda dibanding tahun sebelumnya #"
"Selain menikmati keindahan matahari terbit, pesona lain yang ditawarkan Gunung Bromo adalah berkuda di lautan pasir https://t.co/iJ8os30PHV"
"lagi jalan jalan eh ketemunya sama  rindu :)
-rindu naik kuda rindu mendaki di bromo-

#pesonabromo #genpi"
"RT @budi_peak: Ini juga di culik waktu ke bromo kak @KingLuther31 

#PesonaBromo https://t.co/mDEeBbxR8T"
"makan bakso, naik kuda
jangan lupa ke bromo ya kawakawan muda
#pantun
#PesonaBromo"
".
Open trip BROMO Everyday
BERANGKAT TIAP HARI
TANPA MINIMUM PESERTA
1 ORANG BISA https://t.co/eWAIx0fRsB"
"paket wisata bromo 300rb/orang untuk 6 orang berangkat dari kota malang, Hanz ( 085646614454, 7fc44ae0 ) https://t.co/IrbXboyMV2"
"RT @GenpiPariaman: #PesonaBromo Kasada menyedot perhatian wisatawan, dan membuat mereka berlama-lama di Bromo"
RT @budi_peak: Selamat datang di kawasan wisata BROMO... #PesonaBromo @glennhuibert @e_liku @Enda_Hukom @sejuta_cinta @KingLuther31 @roesda
RT @GenpiPariaman: Eksotika Bromo Memukau Wisman di Hari Raya Yadnya Kasada 2017 #PesonaBromo https://t.co/6MaMblmPSi
RT @GenpiPariaman: #PesonaBromo Hasilnya? Lautan pasir Bromo penuh dengan wisatawan mancanegara (wisman) dan wisatawan nusantara (wisnus).
RT @GenpiPariaman: #PesonaBromo Pemerintah daerah setempat menggelar pra-event bernama Eksotika Bromo pada tanggal 8-7 Juli 2017. https://t
"RT @GenpiPariaman: #PesonaBromo Kasada menyedot perhatian wisatawan, dan membuat mereka berlama-lama di Bromo https://t.co/rGZsEZSonO"
RT @GenpiPariaman: Kesodo tahun ini amat berbeda dengan sebelumnya karena dilakukan pra-event bernama Eksotika Bromo #PesonaBromo https://t
RT @GenpiPariaman: Uniknya yg berada disekitar Bromo Turun ketepian kawah untuk memperebutkan apa yang di larungkan Suku Tengger tersebut #
"RT @Beta_Ambonezz: Lautan pasir adalah salah 1 andalan wisata dari gunung Bromo, #PesonaBromo #MingguIniWisataKemana https://t.co/AV6Hcbiy7p"
"RT @Beta_Ambonezz: Kompleks pegunungan di Kaldera Tengger saat matahari terbit. Gunung Bromo adalah kedua dari kiri, kawah lebar, berasap #"
"Kawasan Gunung Bromo tentu sudah tak asing lagi bagi para wisatawan, terutama mereka para petualang.
#PesonaBromo https://t.co/8MZtqElmG5"
Uniknya yg berada disekitar Bromo Turun ketepian kawah untuk memperebutkan apa yang di larungkan Suku Tengger terse https://t.co/XRjkvzn6u7
Kesodo tahun ini amat berbeda dengan sebelumnya karena dilakukan pra-event bernama Eksotika Bromo #PesonaBromo https://t.co/IWibm1tvyw
"#PesonaBromo Seperti diketahui, Bromo merupakan salah satu dari 10 destinasi prioritas yang ditetapkan Kementerian Pariwisata (Kemenpar)."
"#PesonaBromo Kasada menyedot perhatian wisatawan, dan membuat mereka berlama-lama di Bromo https://t.co/rGZsEZSonO"
"RT @NM_Bondan: #PesonaBromo Kasada menyedot perhatian wisatawan, dan membuat mereka berlama-lama di Bromo"
"Bromo dari sisi yang berbeda 

 : schode_ #PesonaBromo https://t.co/2X79uLrjrY"
#PesonaBromo Pemerintah daerah setempat menggelar pra-event bernama Eksotika Bromo pada tanggal 8-7 Juli 2017. https://t.co/nAC3eNUdI7
RT @GenPI_NTT: #PesonaBromo Pemerintah daerah setempat menggelar pra-event bernama Eksotika Bromo pada tanggal 8-7 Juli 2017. https://t.co/
#PesonaBromo Hasilnya? Lautan pasir Bromo penuh dengan wisatawan mancanegara (wisman) dan wisatawan nusantara (wisn https://t.co/Bo2cepBcsz
RT @GenPI_NTT: #PesonaBromo Hasilnya? Lautan pasir Bromo penuh dengan wisatawan mancanegara (wisman) dan wisatawan nusantara (wisnus). http
"RT @KingLuther31: Td pagi aku bermimpi sedang bermain layang-layang di puncak gunung Bromo sambil minum kopi.
#PesonaBromo
#MingguIniWisata"
Eksotika Bromo Memukau Wisman di Hari Raya Yadnya Kasada 2017 #PesonaBromo https://t.co/6MaMblmPSi
"Ribuan Foto Bromo beredar dimana2, jika ditambah unsur budaya, akan makin mendunia #PesonaBromo https://t.co/VNadroRl1e"
"#PesonaBromo Kali ini Kasada sangat berbeda, ada Eksotika Bromo. Ekstotika digarap swasta dan pemda serta digelar t https://t.co/HTZEOAuw6I"
"Jauh-jauh dari Papua Barat
Ada rasa penasaran yang membuncah
Seindah apakah Bromo itu?

Kini https://t.co/t66npUjAqy"
"RT @GenPI_NTT: #PesonaBromo Kali ini Kasada sangat berbeda, ada Eksotika Bromo. Ekstotika digarap swasta dan pemda serta digelar tiap pukul"
"RT @NM_Bondan: #PesonaBromo Seperti diketahui, Bromo merupakan salah satu dari 10 destinasi prioritas yang ditetapkan Kementerian Pariwisat"
"#PesonaBromo Kasada menyedot perhatian wisatawan, dan membuat mereka berlama-lama di Bromo"
"RT @GenpiPariaman: #PesonaBromo Peringatan Yadnya Kasada 2017 di Gunung Bromo Kabupaten Probolinggo, Jawa Timur, sangat berbeda dibanding t"
"#PesonaBromo Peringatan Yadnya Kasada 2017 di Gunung Bromo Kabupaten Probolinggo, Jawa Timur, sangat berbeda dibanding tahun sebelumnya."
"RT @GenPI_NTT: #PesonaBromo Peringatan Yadnya Kasada 2017 di Gunung Bromo Kabupaten Probolinggo, Jawa Timur, sangat berbeda dibanding tahun"
Gak heran kalau Bromo tengger Semeru (BTS) masuk 10 Destinasi Prioritas..  #PesonaBromo https://t.co/ebBXo2ffOU
"cc: @portalSURYA RT @yudhapati88: RT @pesonaid_travel: Kawan, peringatan Yadnya Kasada 2017 di Bromo, Probolinggo, Jatim makin memperkuat"
"Mau ke #Bromo ato ke air terjun #Madakaripura? Harga mulai 350rb-an aja, buat lebih jelasnya bisa tanya2 langsung ke CP biar lebih mesra :*"
"@tantri_dian Ada prambanan jazz, ada jazz gunung bromo, ada konser musik di jakarta juga kak "
"RT @Beta_Ambonezz: Destinasi wisata yang ada di gunung Bromo kebanyakan adalah wisata alam pegunungan, #PesonaBromo #MingguIniWisataKemana"
"Lihat foto - foto Eksotika Bromo di instagram kece bingit, siapa yang kemarin kesana? #PesonaBromo"
T I M H O R E! Karena kalian aku jadi kurusan. @ Taman Nasional Bromo Tengger Semeru
"@uniekkas Sama mbk, kyknya skrg Bromo bnyk perubahan"
"Pesona Bromo yang memukau 
#PesonaBromo #PesonaIndonesia https://t.co/uroVsLP50h"
"Yuuukkkkkk Liburan ke BROMO nggak mahal, hemat harga mulai 250rb/org, Call/Sms 082232957872"
Liuk Tari di Gunung Bromo https://t.co/1ep4ERJVfN
"paket wisata bromo 450rb/orang untuk 4 orang berangkat dari kota malang, Hanz ( 085646614454, 7fc44ae0 ) https://t.co/IrbXboyMV2"
RT @InilahJatim: Suasana Puncak Gunung Bromo saat Perayaan Kasada Suku Tengger https://t.co/FbQyiFSp26
"Ini juga di culik waktu ke bromo kak @KingLuther31 

#PesonaBromo https://t.co/mDEeBbxR8T"
At Mie KOBER jalan bromo 16.A  https://t.co/lTY8zpPkd4
Ayu Sita baca Kidung Puisi di Event Eksotika Bromo  #PesonaBromo https://t.co/8hNbo0Bkr2
RT @Beta_Ambonezz: pesona Gunubg Bromo yang indah sudah menggema tidak hanya di Indonesia bahkan sampai ke mancanegara. #PesonaBromo #Mingg
"RT @Beta_Ambonezz: Ngomongin tentang wisata gunung, siapa yang gak kenal dengan Gunung Bromo?? #PesonaBromo #MingguIniWisataKemana https://"
RT @Beta_Ambonezz: View Point merupakan tempat yang bisa digunakan untuk melihat pemandangan gunung Bromo dari ketinggian #PesonaBromo #Min
RT @Beta_Ambonezz: Gunung Bromo termasuk dalam kawasan Taman Nasional Bromo Tengger Semeru . #PesonaBromo #MingguIniWisataKemana https://t.
RT @Beta_Ambonezz: Kawah Gunung Bromo merupakan destinasi kedua yang biasanya dikunjungi oleh wisatawan ke gunung Bromo. #PesonaBromo #Ming
RT @Beta_Ambonezz: Anda akan menemukan keunikan dari gunung Bromo apabila mengunjungi bukit Teletubbies.. #PesonaBromo #MingguIniWisataKema
"RT @Beta_Ambonezz: Dulu pernah mau mampir ke kawasan wisata gunung bromo pas waktu nanjak ke semeru, lagi2 karena waktu, jd di tunda dulu."
I liked a @YouTube video https://t.co/v5SbzaW0cA Vlog 103 / Bromo First Timer!
"RT @Beta_Ambonezz: Itu sudah kaka mey, bromo memang sangat mempesona #PesonaBromo https://t.co/lpFihgvUDw"
"RT @Beta_Ambonezz: Gunung Bromo mungkin bukan yang tertinggi sepulau jawa, namun bromo merupakan ikon wisata di tanah jawa, khusus di jatim"
"Dulu,paralayang,bajul mati,&amp; bromo adalah penyempurna nyepeak cwek bgi kera sumbersari (ngarep masjid mujahidin) piye @tohaprasetyo ??"
RT @budi_peak: Sudah dooong ke bromo kak @Meytty_MY 2012 klu ndak salah. #PesonaBromo https://t.co/X4S2ApW5M0
"RT @Beta_Ambonezz: Sebelum acara larung sesaji di kawah Bromo, ada ritual di Pura Agung. #PesonaBromo #MingguIniWisataKemana"
"RT @KingLuther31: yang punya betis kuat, ayo tancap gaasss ke Bromo..
#PesonaBromo
#PesonaPantaiIndonesia
@donkardono
@pesonaid_travel @pes"
"RT @KingLuther31: kalau aku sdh di Bromo kan kubaca puisi cinta untuk satu wanita yg juga cinta Indonesia
#PesonaBromo
#PesonaPantaiIndones"
"#Kasodo ceremony
#culture
#tenggerpeople 
#javaecotourbanyuwangi @ Gunung Bromo https://t.co/UgugOwYqBF"
"Love Bromo ! 
#PesonaBromo https://t.co/M8qXAgaeM3"
"belom pernah kesampaian ke bromo, klo ngliat ini sih keren banget #PesonaBromo https://t.co/HC51LaV34g"
#PesonaBromo Hasilnya? Lautan pasir Bromo penuh dengan wisatawan mancanegara (wisman) dan wisatawan nusantara (wisn https://t.co/XehGJkIQud
Bromo memiliki sejuta Keindahan yang diberikan TUHAN kepada manusia ! Ke Bromo yuk Cuy #PesonaBromo https://t.co/7jB7eI0GVq
"Bangun om trus atur jadwal ke Bromo..
#PesonaBromo https://t.co/Wb89XDyAoo"
Keren ini  Festival Eksotika Gunung Bromo - NET5 https://t.co/JTBCyJksWL #PesonaBromo
#PesonaBromo Pemerintah daerah setempat menggelar pra-event bernama Eksotika Bromo pada tanggal 8-7 Juli 2017. https://t.co/kT5jjVoVmg
"Jangan ke Bromo ! Nanti Ga Mau Pulang :D
#PesonaBromo https://t.co/yldpM2uSKq"
"Itulah @ecacamarica, komplitdah pokoknya bromo ni.. #PesonaBromo https://t.co/zyiDVfADG8"
"cantik #PesonaBromo, itulah yg bikin destinasi BTS Bromo Tengger Semeru menjadi satu dari 10 destinasi prioritas yg https://t.co/ljDJxCXKY6"
"Kalau di Pulau jawa, Bromo adalah semangat, maka di Maluku, Binaya ialah setia.
#PesonaBromo
#MingguIniWisataKemana
@pesonaid_travel"
puncak bromo ? https://t.co/Al8XNkCmpr
Wisata Dakwah Qurban | Bromo: https://t.co/D7vZPVkPLn melalui @YouTube
Sunrise Contemplation #staycation #sunrise @ Gunung Bromo https://t.co/7f8QV6TrUx
