"Just posted a photo @ Kuta Beach, Pantai Kuta, Bali, Indonesia https://t.co/61ATXb9RoZ"
"      )
#surfing #children @ Kuta Beach, Pantai Kuta, Bali, https://t.co/PnHSVLNuz0"
"Kuta Beach a few years of go on my trip to Bali @ Kuta Beach, Pantai https://t.co/y3kxk2LEIp"
"Just posted a photo @ Kuta Beach, Pantai Kuta, Bali, Indonesia https://t.co/UOxlm3VBpS"
"Just posted a photo @ Kuta Beach, Pantai Kuta, Bali, Indonesia https://t.co/IESkcgKvEQ"
" @ Kuta Beach, Pantai Kuta, Bali, Indonesia https://t.co/1KudDXSZXO"
"I do love mucking around with technology so much. Haha ! @ Kuta Beach, Pantai Kuta, Bali, Indonesia https://t.co/PAdLcUlPji"
"Just posted a photo @ Kuta Beach, Pantai Kuta, Bali, Indonesia https://t.co/VEC4xXXx6h"
"Local wildlife about to eat me. The dropbears are smaller. @ Kuta Beach, Pantai Kuta, Bali, https://t.co/sL0tdMMwNv"
"Quality Time......  @ Kuta Beach, Pantai Kuta, Bali, Indonesia https://t.co/1nFbIiYwhH"
"Late afternoon @ Kuta Beach, Pantai Kuta, Bali, Indonesia https://t.co/6AyXXMvkfd"
"
#Bali #ocean #sky @ Kuta Beach, Pantai Kuta, Bali, Indonesia https://t.co/FM9Ju8x49E"
"My office this afternoon ! @ Kuta Beach, Pantai Kuta, Bali, Indonesia https://t.co/miGVg7uqdx"
"Ke Pantai Kuta dulu...... @ Kuta Beach, Pantai Kuta, Bali, Indonesia https://t.co/dciqmzvxK2"
"Finally got the sun on our last day in Bali! @ Kuta Beach, Pantai https://t.co/fu4E2WfhSb"
"#jalanjalan #jalanjalanmen #jalanjalancarimakan hotel di pantai kuta bali agoda KLIK https://t.co/bXt8AiGPhk"
"Vitamin Sea .

#latepost 
#kutabeachbali 
#sunset @ Kuta Beach, Pantai Kuta, Bali, Indonesia https://t.co/yt7jD8ip73"
"Happy times #kuta #samsung #galaxy #lifefree @ Kuta Beach, Pantai Kuta, Bali, Indonesia"
"Enjoy Kuta.. Pantai Kuta Bali #PesonaPantaiIndonesia https://t.co/dMt6SreKfc"
"Pantai Kuta Bali #PesonaPantaiIndonesia https://t.co/WilLeOYHKT"
"Pantai Kuta Bali #PesonaPantaiIndonesia https://t.co/9dUETzlLJ1"
"Just posted a photo @ Kuta Beach, Pantai Kuta, Bali, Indonesia https://t.co/Y3tBpN1oTl"
"Kuta today #samsung #galaxy #beach #panorama #lifefree @ Kuta Beach, Pantai Kuta, Bali, Indonesia https://t.co/JZScXJlMbQ"
"Bali boys
#kutabeach @ Kuta Beach, Pantai Kuta, Bali, Indonesia https://t.co/JcVJWPqGOK"
"The Squirrel...... 

#Photography #dkv #kuta #kerja_profesi @ Kuta Beach, Pantai Kuta, Bali, https://t.co/IcHngBBHem"
"Happy times #kuta #samsung #galaxy #lifefree @ Kuta Beach, Pantai Kuta, Bali, Indonesia https://t.co/7S2ygUHAQu"
"Sun goes down #kuta #beach #samsung #galaxy #lifefree @ Kuta Beach, Pantai Kuta, Bali, Indonesia https://t.co/jmwHzOKaBO"
"Relax #kuta #lifefree #samsung #galaxy @ Kuta Beach, Pantai Kuta, Bali, Indonesia https://t.co/nf59UOMBSr"
"#Bali #ocean @ Kuta Beach, Pantai Kuta, Bali, Indonesia https://t.co/kzXdhMOjMz"
"Daily Praying @ Kuta Beach, Pantai Kuta, Bali, Indonesia https://t.co/oxvUhycaFg"
"#jalanjalan #jalanjalanmen #jalanjalancarimakan hotel di pantai kuta bali agoda KLIK https://t.co/bXt8AiGPhk"
"Dan ingat.... KARMA Itu Kontan! @ Kuta Beach, Pantai Kuta, Bali, https://t.co/hmOfKskdQc"
"#pantai #pantaiindonesia #pantaibali hotel di bali kuta murah KLIK https://t.co/bXt8AiGPhk"
"Met Uas @ Kuta Beach, Pantai Kuta, Bali, Indonesia https://t.co/CzHHOkxe5U"
"Local boys playing football on the beach at sunset in Kuta, Bali @ Kuta Beach, Pantai Kuta, https://t.co/aRJU3UDAs4"
" @ Kuta Beach, Pantai Kuta, Bali, Indonesia https://t.co/IFQy1Ue3gB"
"Met Uas @ Kuta Beach, Pantai Kuta, Bali, Indonesia https://t.co/4ZsgunsWi3"
"selamat malam #SayaSukaMoleh @ Kuta Beach, Pantai Kuta, Bali, Indonesia https://t.co/Zbppilk0Yl"
"Only in bali @ Kuta Beach, Pantai Kuta, Bali, Indonesia https://t.co/TicpOt0Uty"
"Dark power.. #bali #balibeach #sunset #balisunset @ Kuta Beach, Pantai Kuta, Bali, Indonesia https://t.co/HSKroDHy3V"
"# #bali # #kuta #sunset @ Kuta Beach, Pantai Kuta, Bali, Indonesia https://t.co/iUJCVUvdn0"
"Open trip to Bandung-Bali  3D2N IDR 1,5jt.
Site : Pantai Kuta, Uluwatu, Taman Ayun, Danau Beratan Bedugul
Bisa... https://t.co/H9xFFkJxOC"
"#jalanjalan #jalanjalanmen #jalanjalancarimakan hotel di pantai kuta bali agoda KLIK https://t.co/bXt8AiGPhk"
"Selamat Pagi Bali 
Have a great weekend everyone :) @ Kuta Beach, Pantai Kuta, Bali, Indonesia https://t.co/GJQ3I0CJuZ"
"Let the sea set u free with beautifull scarf by nittvia  @ Kuta Beach, Pantai Kuta, Bali, https://t.co/X0Ha652w7a"
"Around #Kuta yesterday. #Bali #latergram #frogs @ Kuta Beach, Pantai Kuta, Bali, Indonesia https://t.co/hTyBBAJYWQ"
"pantai kuta ,bali https://t.co/htSN08Gsfs"
"Matahari tenggelam hari mulai malam @ Kuta Beach, Pantai Kuta, Bali, Indonesia https://t.co/I6RPo4c5Kg"
"dingin #SayaSukaMoleh @ Kuta Beach, Pantai Kuta, Bali, Indonesia https://t.co/Z7ictnkpfF"
"Say goodbye to Poppies Lane I as you knew it... #Kuta #Bali @ Kuta Beach, Pantai Kuta, Bali, https://t.co/oI0Kdokhwh"
"#kuta ###bali @ Kuta Beach, Pantai Kuta, Bali, Indonesia https://t.co/9YKTJJVg5w"
"We ll see you guys tonight :)) @ Kuta Beach, Pantai Kuta, Bali, Indonesia https://t.co/6tKhBYKCOS"
"#soundcheck part 1

We ll see you guys tonight :)) @ Kuta Beach, Pantai Kuta, Bali, Indonesia https://t.co/BgT5JZG4uZ"
"Just posted a video @ Kuta Beach, Pantai Kuta, Bali, Indonesia https://t.co/VXsJnMK63d"
"Mari relaksasi sambil santai di pinggir pool indah ini! Lokasinya ada di Airy Eco Pantai Kuta Poppies Lane Dua Bali https://t.co/xCeZPGfnz9"
"Wif my luvly hongsi and hongwi

#Duohonghong @ Kuta Beach, Pantai Kuta, Bali, Indonesia https://t.co/OeNAGyTCTD"
"Mata masih bengkak..   @ Kuta Beach, Pantai Kuta, Bali, Indonesia https://t.co/0lVAtbn3F3"
"#jalanjalan #jalanjalanmen #jalanjalancarimakan hotel di pantai kuta bali agoda KLIK https://t.co/bXt8AiGPhk"
"Gelato  gets me everytime! #bali #gelato @ Kuta Beach, Pantai Kuta, Bali, Indonesia https://t.co/WCd3g9TzVE"
"#pantai #pantaiindonesia #pantaibali hotel di bali kuta murah KLIK https://t.co/bXt8AiGPhk"
"#pantaikuta #pantaikutabali #pantai hotel di bali kuta bintang 4 KLIK https://t.co/bXt8AiGPhk"
"Just posted a photo @ Kuta Beach, Pantai Kuta, Bali, Indonesia https://t.co/TsE6NVBu3c"
"Mlayu tipis-tipis @ Kuta Beach, Pantai Kuta, Bali, Indonesia https://t.co/IdD2IBKif3"
"Where my Indonesians at? @ Kuta Beach, Pantai Kuta, Bali, Indonesia https://t.co/4C4cqIWJYf"
"Hari ketujuh
.
.
# Bali,  23 Juni 2017
.
.
Hai Pantai Kuta ketemu lagi kita
.
.
Sebelum menuju https://t.co/J6QOdQRjqS"
"Hari ketujuh
.
.
# Bali,  23 Juni 2017
.
.
Hai Pantai Kuta ketemu lagi kita
.
.
Sebelum menuju https://t.co/sL5BYV17D2"
"Hari ketujuh
.
.
# Bali,  23 Juni 2017
.
.
Hai Pantai Kuta ketemu lagi kita
.
.
Sebelum menuju https://t.co/NGxLfg0IzQ"
"Hari ketujuh
.
.
# Bali,  23 Juni 2017
.
.
Hai Pantai Kuta ketemu lagi kita
.
.
Sebelum menuju https://t.co/PbW1FB7VS3"
"Hari ketujuh
.
.
# Bali,  23 Juni 2017
.
.
Hai Pantai Kuta ketemu lagi kita
.
.
Sebelum menuju https://t.co/pllE30ngGl"
"Asyeeeeekkkkk Bali kiteeeeeeeee
#latepost @ Kuta Beach, Pantai Kuta, Bali, Indonesia https://t.co/aFtiUXyXdJ"
"#jalanjalan #jalanjalanmen #jalanjalancarimakan hotel di pantai kuta bali agoda KLIK https://t.co/bXt8AiGPhk"
"#pantai #pantaiindonesia #pantaibali hotel di bali kuta murah KLIK https://t.co/bXt8AiGPhk"
"#pantaikuta #pantaikutabali #pantai hotel di bali kuta bintang 4 KLIK https://t.co/bXt8AiGPhk"
"When your shoes leave a trail on the sand @ Kuta Beach, Pantai Kuta, Bali, Indonesia https://t.co/dcYZ5rg3O6"
"#kutabeach #bali  @ Kuta Beach, Pantai Kuta, Bali, Indonesia https://t.co/euIa0tJhIs"
"Looks like a storm is brewing @ Kuta Beach, Pantai Kuta, Bali, https://t.co/ys6xvYF3QC"
"Menikmati senja... @ Kuta Beach, Pantai Kuta, Bali, Indonesia https://t.co/Ls1uiVjYM0"
"What's on my mean now?  feeling silly at Kuta Beach, Pantai Kuta, Bali, Indonesia https://t.co/Bc6PtQRkxg"
"666 - merasa semangat baru di Kuta Beach, Pantai Kuta, Bali, Indonesia"
"Learning how to duck dive !! @ Kuta Beach, Pantai Kuta, Bali, Indonesia https://t.co/RLMVOcdfCk"
"Buy surf board today...!! 
Thank you so much Tom  @ Kuta Beach, Pantai Kuta, Bali, Indonesia https://t.co/AGGq4GHVGP"
"Just posted a video @ Kuta Beach, Pantai Kuta, Bali, Indonesia https://t.co/NwKzoRgy5G"
"Zhorif ketemu bule~ 
.
.
#kuta 
#bali @ Kuta Beach, Pantai Kuta, Bali, Indonesia https://t.co/3g3VOlzwGD"
"#jalanjalan #jalanjalanmen #jalanjalancarimakan hotel di pantai kuta bali agoda KLIK https://t.co/bXt8AiGPhk"
"Just posted a video @ Kuta Beach, Pantai Kuta, Bali, Indonesia https://t.co/k77A6DDEpl"
"Geliat Suasana Malam Di  sekitar Pantai Kuta Bali. https://t.co/yV9djWxGvZ"
"Devata sunset 
#sunset #kutabeach #bali @ Kuta Beach, Pantai Kuta, Bali, Indonesia https://t.co/RrQ7N46Wiw"
"#pantai #pantaiindonesia #pantaibali hotel di bali kuta murah KLIK https://t.co/bXt8AiGPhk"
"Bali  @ Kuta Beach, Pantai Kuta, Bali, Indonesia https://t.co/Pj19EGYvrU"
"Just posted a photo @ Kuta Beach, Pantai Kuta, Bali, Indonesia https://t.co/H3PB7KJs2f"
"Just posted a photo @ Kuta Beach, Pantai Kuta, Bali, Indonesia https://t.co/gBUeezZnVT"
"Just posted a photo @ Kuta Beach, Pantai Kuta, Bali, Indonesia https://t.co/l4f1XaTw3y"
"Pantai #Kuta. Cloudy day. #Bali @ Kuta Beach, Pantai Kuta, Bali, Indonesia https://t.co/oP9YrlmaTx"
"Cuman liwat :v

#Late_Post @ Kuta Beach, Pantai Kuta, Bali, Indonesia https://t.co/9HrcZEToYo"
"Pesona Pantai Uluwatu Mengalahkan Pantai Kuta | Wasata Pantai Di Bali | https://t.co/kfOE1CgNdL https://t.co/JCXzit9aAP"
"#jalanjalan #jalanjalanmen #jalanjalancarimakan hotel di pantai kuta bali agoda KLIK https://t.co/bXt8AiGPhk"
"666 - merasa semangat baru di Kuta Beach, Pantai Kuta, Bali, Indonesia"
"Saya suka video @YouTube https://t.co/MVMEmANm6C VLOG BALI  Asyiknya Berenang di Pantai Kuta dan nonton Tari Kecak"
"666   merasa semangat baru di Kuta Beach, Pantai Kuta, Bali, Indonesia https://t.co/z8ubxMNWPu"
"Summer feels @ Kuta Beach, Pantai Kuta, Bali, Indonesia https://t.co/LNd50EQwgG"
"Memory lama ketemu

#latepost #bali #beach #indonesia @ Kuta Beach, Pantai Kuta, Bali, Indonesia https://t.co/SkyIAgEkf0"
"#pantaikuta #pantaikutabali #pantai hotel di bali kuta bintang 4 KLIK https://t.co/bXt8AiGPhk"
"Banyak macam bahagia di dunia, salah satunya melihat senyummu. @ Kuta Beach, Pantai Kuta, Bali"
"RT @achmadnofialdi: (( pameran wisata nasional ))
Bali : pantai kuta
Papua : Raja ampat
Tangerang : Kandang Gozilla"
"Wisata Pantai Di Bali : Pantai Kuta | Lokasi Pantai Kuta | https://t.co/kfOE1CgNdL https://t.co/HfRBYHIqZC"
"@enak_kebangetan A. Pantai Kuta kayanya kalo ke Bali gak ke pantai kurang afdol deh."
"hallo #SayaSukaMoleh @ Kuta Beach, Pantai Kuta, Bali, Indonesia https://t.co/BXGbrESefU"
"Kangen pantai (lagi) @ Kuta Beach Bali https://t.co/U6KHVfbLYQ"
"The sunset 
.
#sunset #beach #bali #kuta @ Pantai Kuta Bali https://t.co/z1z3e1bfUw"
"Bosan dengan Pantai Kuta? Ingin mencoba alternatif pantai indah lainnya di wilayah Bali Selatan? Simak 5 Pantai... https://t.co/qIRN0S7zJL"
" @ Kuta Beach, Pantai Kuta, Bali, Indonesia https://t.co/CSMWqKlq3h"
"Cek .. cek .. 123 .. @ Kuta Beach, Pantai Kuta, Bali, Indonesia https://t.co/rljapIF1lR"
"Persiapan renang. .
.
.

#pantaikuta @ Kuta Beach, Pantai Kuta, Bali, Indonesia https://t.co/4pmMIn52JW"
" @ Kuta Beach, Pantai Kuta, Bali, Indonesia https://t.co/zCtam3vasI"
"#jalanjalan #jalanjalanmen #jalanjalancarimakan hotel di pantai kuta bali agoda KLIK https://t.co/bXt8AiGPhk"
"(( pameran wisata nasional ))
Bali : pantai kuta
Papua : Raja ampat
Tangerang : Kandang Gozilla"
