"yuk gabung bersama kami, paket tour liburan murah dan menyenangkan karimun jawa dan bromo , info chat bbm 74A6BC83 WA 081282441154"
"#isjnewswisata

KARIMUN JAWA, harus selalu kita rawat dan  jaga bersama, agar bisa memberikan sumbangsih pada... https://t.co/d9K4IjjdPJ"
With Wahyu at KARIMUN JAWA ISLAND [pic]  https://t.co/TO6XJkPnfd
Untuk saat ini KM.KELIMUTU melayani rute SURABAYA - SAMPIT - KUMAI - SEMARANG - KARIMUN JAWA. Info hub 162 / (021)- https://t.co/uxpduHw8uC
@dekpido Ke karimun jawa enak ni mampir jepara mampir kudus mampir purwodadi
At Penangkaran Hiu Karimun Jawa  https://t.co/y5Vg3Q9P5V
"@egisyahban @Medium Wak, foto ini gw sendiri yg ambil waktu di Karimun Jawa. Gw ngelihat Matahari hilang sebagian. https://t.co/ffuyArupaH"
"Throwback some of tanjidors short trip to karimun jawa.
Serba dadakan menyambut datangnya om https://t.co/39bGfhDfbd"
"Paket Wisata : Malang City Tour, Bromo, Bali, Jogja, Lombok, Bandung, Karimun Jawa, dll. Info: 0341-7613954 / 25E9415B"
Lagi pengen banget ke pulau terpencil yang nggak ada penghuninya. Macem pulau2 di karimun jawa gitu.
RT @pelni162: KM.Lawit melayani rute : SURABAYA - PONTIANAK - SEMARANG - KARIMUN JAWA ( PP ).  Info lebih lanjut hubungi Contact Center 24
KM.Lawit melayani rute : SURABAYA - PONTIANAK - SEMARANG - KARIMUN JAWA ( PP ).  Info lebih lanjut hubungi Contact https://t.co/AIWtgwpsUL
Yuk mengisi liburan kalian di Karimun Jawa... https://t.co/iXkxWhMUBY
"Yuk mengisi liburan kalian di Karimun Jawa

==========================
3 hari 2 malam
Meeting point semarang,... https://t.co/JSRoMxrxJt"
Yuk mengisi liburan kalian di Karimun Jawa... https://t.co/dDdIo7aCuk
With LaksonoBoyz2014 at Alun-Alun Pulau Karimun Jawa  https://t.co/2MSXMAh55s
At Alun-Alun Pulau Karimun Jawa  https://t.co/cMwXFrmXmr
"yuk gabung bersama kami, paket tour liburan murah dan menyenangkan karimun jawa dan bromo , info chat bbm 74A6BC83 WA 081282441154"
"Bagi pecinta snorkeling Karimun Jawa merupakan tempat yang bagus banget untuk dijelajahi.
Yuk mengisi liburan... https://t.co/3WO98zrJKG"
At Pelabuhan Kecil Karimun Jawa  https://t.co/Rj6KMlpOf8
Liburan di bulan juli dan Agustus enak banget kalau Explore Karimun Jawa yang terkenal Indah Buanget alam dan... https://t.co/tgvs6itQYW
Liburan di bulan juli dan Agustus enak banget kalau Explore Karimun Jawa yang terkenal Indah Buanget alam dan... https://t.co/o3zIWzKP5y
Liburan di bulan juli dan Agustus enak banget kalau Explore Karimun Jawa yang terkenal Indah Buanget alam dan... https://t.co/d6ZBmyFyVU
"Dapet kamu aku berhenti ngerokok  @ Karimun jawa island , Jepara https://t.co/SMWXiwJtWj"
"Just posted a photo @ Perum ALAM SURYA Estate. Karimun Jawa, SUKARAME https://t.co/D4BBnbU6zH"
KM.Lawit melayani rute : SURABAYA - PONTIANAK - SEMARANG - KARIMUN JAWA ( PP ).  Info lebih lanjut hubungi Contact https://t.co/r2AeDCo3Um
"lrt smh.. *jadi inget pas ke Karimun Jawa, dulu gak begitu ngeh, tp jd mikir itu hiu2, bintang laut, dll yg 'disediakan' bwt foto gmn y? O.o"
Liburan ke Bali udah .sekarang nabung buat liburan ke karimun jawa 
"""love this place""
#coconut #recomended @ Tanjung Gelam, Karimun Jawa https://t.co/fA4iZG0ahM"
"Laughter sparkles like a splash of water in sunlight. @ Pulau GLeang,Karimun Jawa https://t.co/kljXacAfgC"
At Dermaga Pulau Karimun Jawa  https://t.co/ByAtu0cxLs
Kuy Ngerasain Yang Seger-Seger Dengan Nyelem di Karimun Jawa! https://t.co/aDMofSvz5p https://t.co/PCHsg89DZB
With Ryo and Dicky at Alun-Alun Pulau Karimun Jawa  https://t.co/8qU9P1nia1
"@Kang_Pram Saya dari Karimun Kepulauan Riau, bukan KarimunJawa Jepara Jawa Tengah "
"Don't forget to play... @ Pulau GLeang,Karimun Jawa https://t.co/v46eI3pJYE"
With William at Alun-Alun Pulau Karimun Jawa [pic]  https://t.co/YiTUnoHyRE
"Bagi pecinta snorkeling Karimun Jawa merupakan tempat yang bagus banget untuk dijelajahi.
Yuk mengisi liburan... https://t.co/X2jEdx0NoZ"
@roscoe_x1 Tujuannya Semarang - Karimun Jawa. Tks-SF
RT @ianarif3: Hati2 yah yg lagi ke karimun jawa.
Hati2 yah yg lagi ke karimun jawa.
"@Nammot26 @ganjarpranowo Ap lg yg Dr Karimun Jawa y? Jarak tempuh yg super jauh, trus klu g ad saudara/temen mau ng https://t.co/pl2ex0XfNJ"
Just posted a photo @ Karimun Jawa https://t.co/tPwfO5KpvG
"KM.Lawit melayani rute : SURABAYA - PONTIANAK - SEMARANG - KARIMUN JAWA ( PP )
  Info lebih lanjut hubungi Contact https://t.co/6JwHv6sGQn"
RT @WisataKita: Liburan di bulan juli dan Agustus  enak banget kalau Explore Karimun Jawa yang terkenal Indah Buanget alam dan... https://t
Liburan di bulan juli dan Agustus enak banget kalau Explore Karimun Jawa yang terkenal Indah Buanget alam dan... https://t.co/MBHWryPPsY
Maoh karimun jawa lageeee (titik) https://t.co/7LVADiWCVb
Liburan di bulan juli dan Agustus  enak banget kalau Explore Karimun Jawa yang terkenal Indah Buanget alam dan... https://t.co/ILNb0tssiO
"KM.Lawit melayani rute : SURABAYA - PONTIANAK - SEMARANG - KARIMUN JAWA ( PP )
Info lebih lanjut hubungi Contact Ce https://t.co/MDA2F1QAwE"
Liburan di bulan juli dan Agustus  enak banget kalau Explore Karimun Jawa yang terkenal Indah Buanget alam dan... https://t.co/9sb3ABqdDs
Liburan di bulan juli dan Agustus  enak banget kalau Explore Karimun Jawa yang terkenal Indah Buanget alam dan... https://t.co/7wbfTilSWm
Karimun jawa memang terkenal kan keindahan pantai yang dimiliki oleh pulau-pulau disekitarnya. Salah satu wisata... https://t.co/tLlL3VQjGL
Karimun jawa memang terkenal kan keindahan pantai yang dimiliki oleh pulau-pulau disekitarnya. Salah satu wisata... https://t.co/zW8eMYE0TZ
@Conjudee belum pernah kalau ujung genteng . nanggung euy kalo mantai ke sana. lebi bagus karimun jawa kek nya
Paket Wisata Karimunjawa dariSurabaya https://t.co/AOawBb0pHq https://t.co/Z7oQw8XdIy
"Holiday in karimun Jawa every weekend!!
2 pax can go
_______________
Harga : 
Rp. 750.000,- (Via Fery Jepara)
Rp.... https://t.co/sFZItfDmh0"
"Dapat salam dari Karimun Jawa, ayo agendakan Reds!
.
Pic by zens_zainuddin

#piknik_TRJ #theredsjepara #YNWA https://t.co/wnQDjvIY3y"
Hmm ngajak ke Karimun Jawa 
"Kaus masnya yang disebrang uwuw sekali, typographynya Karimun Jawa. Udah gitu doang"
"KM.Lawit melayani rute : SURABAYA - PONTIANAK - SEMARANG - KARIMUN JAWA ( PP )
  Info lebih lanjut hubungi Contact https://t.co/w2JQSi2T14"
"Yuk ke Karimun Jawa naik KMP Siginjai.

#cameraindonesia #ci_jatengdiy #Kapal #wisata https://t.co/3mM5P2oljG"
Exploring Karimun Jawa Island! watch the video --&gt; https://t.co/aEBYKetUxc
#Sommergefhle #Water #Beach #Outdoors #Nature #Tree #AdultsOnly #OnePerson #Shadow #People...(@ Karimun Jawa) https://t.co/cYFCrfEY4J
Kuy Ngerasain Yang Seger-Seger Dengan Nyelem di KarimunJawa! https://t.co/fYfubgQPou
"Bojonegoro  Malang  Madura  Karimun Jawa  banyuwangi  Kawah Ijen  Bromo  batu ,,,,,, full trip banget nih bulan july"
