"Berangkat dari jam 5 ,jam segini baru sampe sini. Kantor masih jauh syekali~. Btw ini berasa di parkiran ,rapet ben https://t.co/1L3o7L9Nsw"
"Tante Disuruh Liatin Tete Sama Memek Di Parkiran Mobil https://t.co/KECIROuMwS"
"Hujan menyapa ku malam ini.. THE PARKIRAN LAMA https://t.co/PlqZtCHIAI"
"RT @inggiterlianto: @GenPiJatim @donkardono @artadibudiharja @ecacamarica @arif_ma2n @GenpiSumbar @robbysnata @glennhuibert @shafigh @NM_Bo"
"RT @inggiterlianto: @GenPiJatim @donkardono @artadibudiharja @ecacamarica @arif_ma2n @GenpiSumbar @robbysnata @glennhuibert @shafigh @NM_Bo"
"@GenPiJatim @donkardono @artadibudiharja @ecacamarica @arif_ma2n @GenpiSumbar @robbysnata @glennhuibert @shafigh https://t.co/UpKCkPPPEM"
"@MBBXPSS_1976 Ora jogo parkiran min  yo tuku sego pecel to min enak ee kono kui"
"@lerkvd Lebih murah parkir motor di depdiknas ,  

Ntar lama lama parkiran fx gantian di.tutup"
"@himalayaaah ""Mau ke parkiran lewat mana?"""
"Lampu Dinding Tembok PIR 32 LED SMD Solar Power Sensor Cahaya / Gerak Terang Dan MULTI FUNGSI. Cocok Untuk https://t.co/jcyPSUGx9r"
"https://t.co/DrbNViXRnX"
"Jalan sendirian di parkiran mobil yang ngga ada orang sama sekali sambil denger ""In Fiction""-nya ISIS. Jalannya pelan-pelan aja. Coba deh."
"Ditinggal Belanja, Motor Raib di Parkiran 
https://t.co/86BTIu14V7"
"Padahal sudah digusur tapi macet tetep aja. Itu parkiran depan stasiun Tugu bagaimana ya Pak @PTKAI  #Jogja https://t.co/V8VtjTPXWH"
"Polda Sulsel Gelar HUT Bhayangkara Ke-71 di Parkiran Mall Trans Studio Makassar https://t.co/Oaeui5sLDf https://t.co/bMdq4BELQ3"
"Sebenarnya palang pintu parkir yg sering kutemui di parkiran mall atau kampus, itu otomatis atau semi otomatis sih?"
"Pria ini  dibekuk aparat kepolisian karena in... https://t.co/tHuwQQdZZX"
"Throw back (@ Parkiran ANZ Tower in Jakarta) https://t.co/c2vEcCB2RM"
"RT @SupirPete2: nda bisa ditertibkan ini parkiran depan unismuh? @DishubMks @PD_Parkir"
"@ZeinRedarmy @PRFMnews nya kitu parkiran di urnk mah.. minimal aya cctv jd bisa ningali mun aya nu nyenggol dadas, https://t.co/DpR2JJZdtV"
"Story2 Manjaaah dalam episode terdampar di parkiran dinas pendidikan Provinsi  Banten. No antri https://t.co/K1BNpcDzbP"
"*lagi jalan di mall, mau ke parkiran naik eskalator ditabrak cewe...
mbaknya : *ngelirik sinis gamau minta maaf* 
m https://t.co/KYMIZZgdn5"
"@CommuterLine Revitalisasi pembangunan Stasiun Duri dan masuknya material alat2 berat membuat area parkiran dan jal https://t.co/uVtpOHWgvx"
"@CommuterLine Tolong larang Bajaj mangkal dan mencari penumpang di area parkiran Stasiun Duri, sangat mengganggu keluar masuk pejalan kaki"
"Ngantri nya reeek.. post dicuci ntar di kos juga sbnrnya di telek-in pasukan cicak jg sih di parkiran.."
"Parkiran kantor...
Senin, 10 Juli 2017 jam 05.25 WIB

#Kepagian brohhhhh https://t.co/tXKMl0B5Oa"
"Jakmania mau away ke bandung, silahkan, buat panpel, kasih ajah space di parkiran pasang big screen @budibram"
"RT @pmi_diy: #DonorDarah 10/07/2017 08:00 WIB-selesai  di Parkiran Stadion Maguwo, Sleman #UTDPMIKabSleman #UTDPMIKotaYK"
"#JogjaPers | pmi_diy : #DonorDarah 10/07/2017 08:00 WIB-selesai  di Parkiran Stadion Maguwo, Sleman #UTDPMIKabSlem https://t.co/7H9GvStRZh"
"#DonorDarah 10/07/2017 08:00 WIB-selesai  di Parkiran Stadion Maguwo, Sleman #UTDPMIKabSleman #UTDPMIKotaYK"
"Kost PUTRA Jl.Bunga Lely No.31 
KMdlm&amp;https://t.co/0bmxvhftqF wifi,air,listrik, dapur,parkiran dlm. Cp.08977243448 https://t.co/lZdemE3uJQ"
"Unismuh sdh sediakan parkiran dalam daeng tp mahasiswa tetap parkir di luar krn kebanyakan tdk punya STMK https://t.co/URDm3XRIbB"
"Parkiran UMT greget "
"RT @SupirPete2: nda bisa ditertibkan ini parkiran depan unismuh? @DishubMks @PD_Parkir"
"RT @DiskominfoMks: 09:39.Jl.Sulawesi.Hari masih pagi,tp parkiran setengah badan jalan kembali terjadi di spot ini.Tertib lalinlah #CCTVDisk"
"nda bisa ditertibkan ini parkiran depan unismuh? @DishubMks @PD_Parkir"
"Kemaren yh skdr nglewatin tok dr mulai cikole cuma lewat,maribaya numpang mkn g sampe msuk,farm house cuma nengok parkiran yg super padet"
"Mumpung masih sepi parkiran iseng foto2  #sci #swiftclubindonesia #sci745 https://t.co/S1OfHd2oQv"
"tumben senin ini parkiran puskesmas ga sepenuh senin biasanya... @ UPT Puskesmas Pasundan https://t.co/toulXAqzuD"
"RT @DiskominfoMks: 09:39.Jl.Sulawesi.Hari masih pagi,tp parkiran setengah badan jalan kembali terjadi di spot ini.Tertib lalinlah #CCTVDisk"
"@Rizqynta Di idoni wong satus. Njuk neng parkiran ngefuck-i kabeh.. nyelah motor smash blombongan lgsg ngebut! "
"09:39.Jl.Sulawesi.Hari masih pagi,tp parkiran setengah badan jalan kembali terjadi di spot ini.Tertib lalinlah https://t.co/03Ulx8tllg"
"Jalan di tutupin.. Parkiran dihabisin..makanan dikantin dihabisin.. Nyusahin bgt... (at Kantor Walikota Batam)  https://t.co/oT1KbU2EfE"
"Teman seperjuangan #parkiran_indomaret @ Indomaret WarungPeuteuy Garut https://t.co/9zY5u1evGA"
"Teman seperjuangan #parkiran_indomaret @ Indomaret WarungPeuteuy Garut https://t.co/9zY5u0WUi0"
"@Abiny4Haykal Gak papa.... Bawa mandau dan sajam ke bandara bahkan smp ke parkiran pesawat aja boleh dan dikawal...."
"Hari pertama masuk sekolah, parkiran ampe penuh kaya di mall  https://t.co/A2jRiz8Nwc"
"dan aku merindukan pathcode yang keliling dunia tapi mv di parkiran"
"Saben mlebu parkiran neng gerbang ana sing moni ""Silahkan masuk.."" Apa lambene ora kesel yah? #ndesa"
"Beberapa kali ktmu doski cm diem, bbrpa kali doski liatin terus. Lalu pernah dari parkiran pkm, temen doski satu jurusan manggil gw."
"@sealonair @infojogja Pemantauan ku sih.  Sejak ada transmart, antrian mobil mau masuk/keluar parkiran"
"@Fajarsurya27 samiii ndiann, saya pribadi juga banyak salah sama jenengan  waaa parkiran masih sama to? Hahaha"
"@PSSleman MBOK DIPAKAI BUAT BENAHI LAMPU,TOILET,PARKIRAN YG BANYAK RUMPUT! TOLONG TO DI DENGARKAN OJO BUDEK!"
"Polisi Goblok Mana ada sengolan mobil terus di tikam nga pakai ngomong!! Dari parkiran memang di ikuitin sampai masuk Tol, pakai insting!!"
"@chimchimtapa Lah klo sendal gw ga ilang dparkiran mesjid mah ampe butut ttp dpake.  Sendal swallow klo dah parkira https://t.co/JxdVRtaG6I"
"Msh di parkiran. Suami: coba hitung brp kekayaan di dunia ini?/ gw: ga mau cm ngurusin 1 sayap nyamuk doang / suami : sesuai hadist. "
"di parkiran psr modern. Suami : coba tebak dari sederet mbl keren ini ada ga yg punya tabungan &gt; 3M?/ gw: ga ada lah. Gw aja ga ada/ sm: "
"RT @adimasnuel: Ketika jalan ke parkiran mall buat mastiin udah bener enggak lantainya...
https://t.co/g30uH6YZ3D"
"At Kerang Hijau Damai I Depan Saburai Deket Parkiran Plaza Lotus  https://t.co/V7uALT3g6U"
"+ dengan memberikan acungan jempol tanpa berbalik arah menatap lawan bicaranya. 

Odie berjalan pelan menuju parkiran mobil jurusan +"
"Sebuah mobil sedan terbakar di parkiran Giant Margorejo imbas korsleting listrik
https://t.co/q9HuSvh1kI https://t.co/vKMGXjMrZ4"
"Hm, stradivarius sama pull &amp; bear coming soon di amplaz. Makin kek pasar-susah cari parkiran molnya"
"untung banget punya partner andalan 
diskusi disain, nyari material, makan pecel, berantem gemas di parkiran mall https://t.co/r9CHPYHwns"
"At Parkiran Mal Ratu Indah  https://t.co/cAaKFS8i2t"
"dari parkiran ke tempat bayar parkir.. satu jam saja... bandung gila gini ya ini hari... 

dan lepas dr bayar parkir.. macet lagi :/"
"Efek dapet parkiran matos paling atas, pas mau pulang malah foto  https://t.co/xd3kdLmQS9"
"(09/07/2017) 17:34 WIB Pantauan arus lalu lintas Basuki Rahmat ramai lancar, nihil antrian masuk parkiran pusat perbelanjaan"
"#HaiMantanTerindah tadi aku datang ke acara nikahan mu loh,  tp cuma sampai parkiran doank. "
"Mudik seneng banget biso dukung kebanggaan,
Lah lha kok akhire helm ku ilang ning parkiran.
apik tenan!
sing nyolong tak doake cepet sugih."
"Cowo kok baper

Abang abang parkiran indomart."
"Kalau main umpan panjang nanti bolanya kena mobil di parkiran :( https://t.co/31fZUE7CcS"
"RT @KallaToyotaID: (3/7) Memaksimalkan kaca spion sangat membantu apalagi jika akan memarkir mobil mundur di tempat terbatas seperti parkir"
"RT @KallaToyotaID: (5/7) Amankan mobil saat parkir. Setelah parkiran sesuai, pastikan anda telah memasang rem tangan"
"parkiran sore ini.. https://t.co/13p7eqfaEz"
"Ayo segera Ke parkiran AWalin Supermarket. DP 20% sudah dapat bawa pulang 
Honda Mobilio Dapatkan segera mobil impi https://t.co/EHYFw4stTo"
"@Bisniscom Coba cek efek di bawahnya. Jd parkiran liar &amp; jg jd biang macet ketika hujan, krn dijadikan tempat berteduh motor"
"

         Parkiran Paralel

"
"Tertulis Rp 2 Ribu, Parkiran Pertandingan PSPS Malah Dipungut Rp 5 Ribu https://t.co/fNJUINhSJ7"
"@PlazaSemanggi team riweuh &amp; team rusuh halal bi halal run @PlazaSemanggi .. jadi gak sabaran latian selasa besok d https://t.co/hy2LadrKT3"
"@angkasapura172 Ah mohon maaf mulu,sy kan maunya parkir dibalikin kya yg sebelumnya. Mo minta maaf sejuta kali juga https://t.co/UvEwvlJ7zX"
"Parkiran di apt kalbat city bikin liuer. Sebeeel"
"Beli paket Sephora Favorites dapet Self-Tanner :') ini mw dikemanain yaa,jemuran di parkiran airport juga uda keling aku mah :')"
"bahahaaa bisa nih diputer d parkiran biar malingnya keder https://t.co/ojj3DU6T2l"
"RT @Oresokto: Parkiran kebun bibit Rp 5000 per mobil,wow...tanpa karcis lagi @e100ss"
"Polsek Rengasdengklok Ringkus DPO Curanmor Spesialis Parkiran - tvberita I 2017"
"Parkiran penuh + ujan... 
Ngupi Ngupi ae @ Tanah Lot Bali https://t.co/2cAi60mO1c"
"RT @Oresokto: Parkiran kebun bibit Rp 5000 per mobil,wow...tanpa karcis lagi @e100ss"
"@Oresokto @e100ss Kalo parkiran jembatan surabaya motor 5000 kemarin sabtu"
"RT @Oresokto: Parkiran kebun bibit Rp 5000 per mobil,wow...tanpa karcis lagi @e100ss"
"Parkiran kebun bibit Rp 5000 per mobil,wow...tanpa karcis lagi @e100ss"
"@aniesbaswedan Para haters ada aja bahan nyinyirnya. Biarin aja pak, sy juga sering maen bola pakai kemeja celana jeans di parkiran kampus.."
"@infotegal parkiran PAI tertera ning spanduk 1K dijaluki 2K, durung pan manjing mangrove ditarik bayaran maning padahal laka tiket manjinge."
"Tertulis Rp 2 Ribu, Parkiran Pertandingan PSPS Malah Dipungut Rp 5 Ribu: Pungutan liar atau pungli terjadi saat... https://t.co/D2YVJVwFm4"
"Tertulis Rp 2 Ribu, Parkiran Pertandingan PSPS Malah Dipungut Rp 5 Ribu https://t.co/SI5MaR9J6e https://t.co/aYQmlpNw3y"
"Tertulis Rp 2 Ribu, Parkiran Pertandingan PSPS Malah Dipungut Rp 5 Ribu https://t.co/d8JOjdd0iK https://t.co/zNIOO6JbHQ"
"Tertulis Rp 2 Ribu, Parkiran Pertandingan PSPS Malah Dipungut Rp 5 Ribu https://t.co/7BNE1ZAFmY https://t.co/tmdjQRKJQr"
"Tertulis Rp 2 Ribu, Parkiran Pertandingan PSPS Malah Dipungut Rp 5 Ribu https://t.co/L0XivP8oXP https://t.co/dCpECcIn0u"
"@SupirPete2 Kalo masih banyak tidak taat aturan mending jangan mimpi dulu (parkiran, cara berlalu lintas, kesadaran masyarakat)"
"Terua mau lanjut ke ceper ehh malah gada parkiran juga hikz"
"Kan bener seinget gw d tanah tinggi ga ada parkiran"
"RT @bempknstan: Gg. Jengkol Kalimongso Raya
Student Center
Ceger MBM
MBM
Wall Climbing
Plasma
Lapangan Parkiran Mahasiswa

Semangat melakuk"
"I'm at Parkiran Stasiun Madiun in Madiun, East java https://t.co/IRKCjLej8t"
"RT @bempknstan: Gg. Jengkol Kalimongso Raya
Student Center
Ceger MBM
MBM
Wall Climbing
Plasma
Lapangan Parkiran Mahasiswa

Semangat melakuk"
"Gg. Jengkol Kalimongso Raya
Student Center
Ceger MBM
MBM
Wall Climbing
Plasma
Lapangan Parkiran Mahasiswa

Semangat melakukan bakti kampus"
"RT @AliansiUtaraPSS: Masih ada sisa beberapa tiket kuning di Aliansi ,monggo nanti yg butuh bisa langsung ketemu di parkiran selatan deket"
"@SupirPete2 Blm jd ibukota negara sj sdh berantakanmi. Parkiran, macet, dll dsb."
"01:07. Pattimura-Penghibur masih ramai. Jejeran parkiran mobil jg masih ramai. Ingat pulang, gaes. https://t.co/aFFeiJmHky"
"Keluar AEON kejebak macet mau keluar parkiran doang, sampe rumah mati lampu.
.
.
Aku rapopo."
"RT @radio964fm: #InfoKehilagan Telah Hilang Motor Vario Hitam plat nomor D5398OJ di parkiran stadion GBLA. Yg liat harap telpon ke Yadi : 0"
"@d_fenomena Ho'oh, berasa kayak mau nonton di TC pake acara nunggu parkiran buka segalabwqwq"
"Suasana malam minggu nunggu di parkiran RESINDA MALL  #gaykarawang https://t.co/QvpsKYSpQB"
"Menunggu hujan derasss diluar,,, didalam parkiran malah asyik https://t.co/bQuOSDwuHz"
"RT @AliansiUtaraPSS: Monggo tiket masih sisa beberapa ,depan genset parkiran selatan ..cuss"
"@andi_arwan @SupirPete2 Karena parkiran mobil dan motor sekarang pindah ke badan jalan. Yang tadinya 3 lajur disisain 1 lajur."
"#DearMantan, ingatkah kita putus gegara kala itu kita plng jalan kaki turun muterin parkiran 5 lantai kbwh? 
@MemeComicIndo"
"Tertulis Rp 2 Ribu, Parkiran Pertandingan PSPS Malah Dipungut Rp 5 Ribu https://t.co/992s3ntrAb"
"Hp kok di tinggal di parkiran  https://t.co/QDOBaKKLrs"
"@tyoarva tak kiro kaum elit sek menjadi transit menuju parkiran"
"Maksudnya kena palang pintu parkiran pas mau nutup. Itu sakit, malu. :(((("
"Kena palang pintu parkiran tuh sakit ya."
"@sectrovertx parkiran ulil wkwkwk"
"Rindu nanjak.. ke bawa sampai parkiran https://t.co/kfBcs7vmdM"
"At Kerang Hijau Damai I Depan Saburai Deket Parkiran Plaza Lotus  https://t.co/qkUPjwztcO"
"With Cheong at Pasar Parkiran Night Market Jl. Sultan Agung Batu [pic]  https://t.co/w2z6uwKDC3"
"Let's eat @ Pasar Parkiran Jatim Park - Kota Wisata Batu https://t.co/zJGwi5SR8Q"
"&lt; motornya dengan saksama. Maklum Andra ini pelupa, dia pernah kelabakan di parkiran karena lupa daerah mana dia menaruh motornya. Makanya &gt;"
"&lt; dan meninggalkan parkiran. 

""Eh inget-inget ya, Let. Parkirnya di sekitar sini."" kata Andra sambil memperhatikan lahan parkir &gt;"
"RT @AliansiUtaraPSS: Masih ada sisa beberapa tiket kuning di Aliansi ,monggo nanti yg butuh bisa langsung ketemu di parkiran selatan deket"
"Malming @ Pasar Parkiran Jatim Park - Kota Wisata Batu https://t.co/h04iz1R7X9"
"RT @AliansiUtaraPSS: Monggo tiket masih sisa beberapa ,depan genset parkiran selatan ..cuss"
"RT @AliansiUtaraPSS: Monggo tiket masih sisa beberapa ,depan genset parkiran selatan ..cuss"
"RT @AliansiUtaraPSS: Monggo tiket masih sisa beberapa ,depan genset parkiran selatan ..cuss"
"RT @casiekesi: Malem minggu gini suseeh bet cari parkiran. 

Lemesin dulu tsay~ https://t.co/45cEfLOrKj"
"RT @AliansiUtaraPSS: Monggo tiket masih sisa beberapa ,depan genset parkiran selatan ..cuss"
"RT @AliansiUtaraPSS: Monggo tiket masih sisa beberapa ,depan genset parkiran selatan ..cuss"
"Malem minggu gini suseeh bet cari parkiran. 

Lemesin dulu tsay~ https://t.co/45cEfLOrKj"
"RT @AliansiUtaraPSS: Monggo tiket masih sisa beberapa ,depan genset parkiran selatan ..cuss"
"RT @AliansiUtaraPSS: Monggo tiket masih sisa beberapa ,depan genset parkiran selatan ..cuss"
"RT @AliansiUtaraPSS: Monggo tiket masih sisa beberapa ,depan genset parkiran selatan ..cuss"
"Sebenerny gw salut sama tukang kentang arab d depan parkiran SR, 3 taun lebih hargany ttp 5k, g kena inflasi ky Yoshinoy* ato Shihli*"
"RT @AliansiUtaraPSS: Monggo tiket masih sisa beberapa ,depan genset parkiran selatan ..cuss"
"#askmf JAKET IBU GW KEMALINGAN DI PARKIRAN. KASIAN GA MAU MAKAN TT"
"RT @AliansiUtaraPSS: Monggo tiket masih sisa beberapa ,depan genset parkiran selatan ..cuss"
"Monggo tiket masih sisa beberapa ,depan genset parkiran selatan ..cuss"
"RT @AliansiUtaraPSS: Masih ada sisa beberapa tiket kuning di Aliansi ,monggo nanti yg butuh bisa langsung ketemu di parkiran selatan deket"
"RT @AliansiUtaraPSS: Masih ada sisa beberapa tiket kuning di Aliansi ,monggo nanti yg butuh bisa langsung ketemu di parkiran selatan deket"
"senin skolah oy @NurRhaya_GD jangan telat.... 7.15  ntar kebagian parkiran dibelakang."
"Ngebajak bassis @sheilaon7 di parkiran
.
.
.
.
.
#perjalananmakan https://t.co/eS7cFmnxVY"
"@habibthink Mungkin dia lagi shift2-an jaga parkiran bib,positip tingking aja "
"Niat lanjalan sabtu siang, mlh ke sana machet, ke sini macheeett... ngemal g dpt parkiran. Akhirnya ngademin nyawa https://t.co/70ySntqsp6"
"Parkiran mobil hari ini @ Pantai Guci Batu Kapal Maja https://t.co/sTo3x8Llk5"
"Parkiran motor hari ini @ Pantai Guci Batu Kapal Maja https://t.co/9uITGjsjPC"
"@myomyumyi17 fyi, udah buka kho. di lantai bawah deket parkiran mobil, samping puyo"
"RT @AliansiUtaraPSS: Masih ada sisa beberapa tiket kuning di Aliansi ,monggo nanti yg butuh bisa langsung ketemu di parkiran selatan deket"
"RT @AliansiUtaraPSS: Masih ada sisa beberapa tiket kuning di Aliansi ,monggo nanti yg butuh bisa langsung ketemu di parkiran selatan deket"
"RT @AliansiUtaraPSS: Masih ada sisa beberapa tiket kuning di Aliansi ,monggo nanti yg butuh bisa langsung ketemu di parkiran selatan deket"
"RT @fitryfee3: Sedang di parkiran Farmers. Niatnya mau blj bulanan dan tiba2 ingat alm.mama. Nangis lg "
"RT @AliansiUtaraPSS: Masih ada sisa beberapa tiket kuning di Aliansi ,monggo nanti yg butuh bisa langsung ketemu di parkiran selatan deket"
"Sedang di parkiran Farmers. Niatnya mau blj bulanan dan tiba2 ingat alm.mama. Nangis lg "
"RT @AliansiUtaraPSS: Masih ada sisa beberapa tiket kuning di Aliansi ,monggo nanti yg butuh bisa langsung ketemu di parkiran selatan deket"
"RT @AliansiUtaraPSS: Masih ada sisa beberapa tiket kuning di Aliansi ,monggo nanti yg butuh bisa langsung ketemu di parkiran selatan deket"
"RT @AliansiUtaraPSS: Masih ada sisa beberapa tiket kuning di Aliansi ,monggo nanti yg butuh bisa langsung ketemu di parkiran selatan deket"
"RT @AliansiUtaraPSS: Masih ada sisa beberapa tiket kuning di Aliansi ,monggo nanti yg butuh bisa langsung ketemu di parkiran selatan deket"
"Bpk telpon di parkiran ""masih lama gak bebeknya?"" ""Iya bentar lagi nih masih nunggu"" pas udh kelar gue masih sempet2nya berenti beli boba"
"Jalan"" sore di kediri, foto"" di parkiran kediri mall"
"Aplikasi Parkiran Diluncurkan https://t.co/z6SbAbp0yo"
"RT @AliansiUtaraPSS: Masih ada sisa beberapa tiket kuning di Aliansi ,monggo nanti yg butuh bisa langsung ketemu di parkiran selatan deket"
"RT @AliansiUtaraPSS: Masih ada sisa beberapa tiket kuning di Aliansi ,monggo nanti yg butuh bisa langsung ketemu di parkiran selatan deket"
"RT @AliansiUtaraPSS: Masih ada sisa beberapa tiket kuning di Aliansi ,monggo nanti yg butuh bisa langsung ketemu di parkiran selatan deket"
"RT @AliansiUtaraPSS: Masih ada sisa beberapa tiket kuning di Aliansi ,monggo nanti yg butuh bisa langsung ketemu di parkiran selatan deket"
"RT @AliansiUtaraPSS: Masih ada sisa beberapa tiket kuning di Aliansi ,monggo nanti yg butuh bisa langsung ketemu di parkiran selatan deket"
"RT @AliansiUtaraPSS: Masih ada sisa beberapa tiket kuning di Aliansi ,monggo nanti yg butuh bisa langsung ketemu di parkiran selatan deket"
"RT @AliansiUtaraPSS: Masih ada sisa beberapa tiket kuning di Aliansi ,monggo nanti yg butuh bisa langsung ketemu di parkiran selatan deket"
"@Telkomsel [1] Sy tdi anter mama sm om keGrapari Lamongan, ampe dpn parkiran Grapari liat booth tlkomsel ada tulisa https://t.co/MlTCW0aAJG"
"RT @AliansiUtaraPSS: Masih ada sisa beberapa tiket kuning di Aliansi ,monggo nanti yg butuh bisa langsung ketemu di parkiran selatan deket"
"RT @AliansiUtaraPSS: Masih ada sisa beberapa tiket kuning di Aliansi ,monggo nanti yg butuh bisa langsung ketemu di parkiran selatan deket"
"RT @AliansiUtaraPSS: Masih ada sisa beberapa tiket kuning di Aliansi ,monggo nanti yg butuh bisa langsung ketemu di parkiran selatan deket"
"RT @AliansiUtaraPSS: Masih ada sisa beberapa tiket kuning di Aliansi ,monggo nanti yg butuh bisa langsung ketemu di parkiran selatan deket"
"RT @Bungaa33: @MafiaWasit Ini maksudnya adalah helm ilang di parkiran stadion @GBLAstadium kan ???? To the point aja"
"RT @AliansiUtaraPSS: Masih ada sisa beberapa tiket kuning di Aliansi ,monggo nanti yg butuh bisa langsung ketemu di parkiran selatan deket"
"RT @AliansiUtaraPSS: Masih ada sisa beberapa tiket kuning di Aliansi ,monggo nanti yg butuh bisa langsung ketemu di parkiran selatan deket"
"RT @AliansiUtaraPSS: Masih ada sisa beberapa tiket kuning di Aliansi ,monggo nanti yg butuh bisa langsung ketemu di parkiran selatan deket"
"RT @AliansiUtaraPSS: Masih ada sisa beberapa tiket kuning di Aliansi ,monggo nanti yg butuh bisa langsung ketemu di parkiran selatan deket"
"RT @AliansiUtaraPSS: Masih ada sisa beberapa tiket kuning di Aliansi ,monggo nanti yg butuh bisa langsung ketemu di parkiran selatan deket"
"RT @AliansiUtaraPSS: Masih ada sisa beberapa tiket kuning di Aliansi ,monggo nanti yg butuh bisa langsung ketemu di parkiran selatan deket"
"RT @AliansiUtaraPSS: Masih ada sisa beberapa tiket kuning di Aliansi ,monggo nanti yg butuh bisa langsung ketemu di parkiran selatan deket"
"RT @AliansiUtaraPSS: Masih ada sisa beberapa tiket kuning di Aliansi ,monggo nanti yg butuh bisa langsung ketemu di parkiran selatan deket"
"RT @AliansiUtaraPSS: Masih ada sisa beberapa tiket kuning di Aliansi ,monggo nanti yg butuh bisa langsung ketemu di parkiran selatan deket"
"RT @AliansiUtaraPSS: Masih ada sisa beberapa tiket kuning di Aliansi ,monggo nanti yg butuh bisa langsung ketemu di parkiran selatan deket"
"RT @AliansiUtaraPSS: Masih ada sisa beberapa tiket kuning di Aliansi ,monggo nanti yg butuh bisa langsung ketemu di parkiran selatan deket"
"RT @AliansiUtaraPSS: Masih ada sisa beberapa tiket kuning di Aliansi ,monggo nanti yg butuh bisa langsung ketemu di parkiran selatan deket"
"RT @AliansiUtaraPSS: Masih ada sisa beberapa tiket kuning di Aliansi ,monggo nanti yg butuh bisa langsung ketemu di parkiran selatan deket"
"RT @AliansiUtaraPSS: Masih ada sisa beberapa tiket kuning di Aliansi ,monggo nanti yg butuh bisa langsung ketemu di parkiran selatan deket"
"RT @AliansiUtaraPSS: Masih ada sisa beberapa tiket kuning di Aliansi ,monggo nanti yg butuh bisa langsung ketemu di parkiran selatan deket"
"RT @AliansiUtaraPSS: Masih ada sisa beberapa tiket kuning di Aliansi ,monggo nanti yg butuh bisa langsung ketemu di parkiran selatan deket"
"RT @AliansiUtaraPSS: Masih ada sisa beberapa tiket kuning di Aliansi ,monggo nanti yg butuh bisa langsung ketemu di parkiran selatan deket"
"9. Pas ke sana, bener aja udah tutup. Gak tampak tanda-tanda kehidupan, dan motor kami pun gak nongkrong pula di parkiran."
"RT @AliansiUtaraPSS: Masih ada sisa beberapa tiket kuning di Aliansi ,monggo nanti yg butuh bisa langsung ketemu di parkiran selatan deket"
"RT @AliansiUtaraPSS: Masih ada sisa beberapa tiket kuning di Aliansi ,monggo nanti yg butuh bisa langsung ketemu di parkiran selatan deket"
"RT @AliansiUtaraPSS: Masih ada sisa beberapa tiket kuning di Aliansi ,monggo nanti yg butuh bisa langsung ketemu di parkiran selatan deket"
"RT @AliansiUtaraPSS: Masih ada sisa beberapa tiket kuning di Aliansi ,monggo nanti yg butuh bisa langsung ketemu di parkiran selatan deket"
"RT @AliansiUtaraPSS: Masih ada sisa beberapa tiket kuning di Aliansi ,monggo nanti yg butuh bisa langsung ketemu di parkiran selatan deket"
"RT @AliansiUtaraPSS: Masih ada sisa beberapa tiket kuning di Aliansi ,monggo nanti yg butuh bisa langsung ketemu di parkiran selatan deket"
"RT @AliansiUtaraPSS: Masih ada sisa beberapa tiket kuning di Aliansi ,monggo nanti yg butuh bisa langsung ketemu di parkiran selatan deket"
"RT @AliansiUtaraPSS: Masih ada sisa beberapa tiket kuning di Aliansi ,monggo nanti yg butuh bisa langsung ketemu di parkiran selatan deket"
"RT @AliansiUtaraPSS: Masih ada sisa beberapa tiket kuning di Aliansi ,monggo nanti yg butuh bisa langsung ketemu di parkiran selatan deket"
"RT @AliansiUtaraPSS: Masih ada sisa beberapa tiket kuning di Aliansi ,monggo nanti yg butuh bisa langsung ketemu di parkiran selatan deket"
"RT @AliansiUtaraPSS: Masih ada sisa beberapa tiket kuning di Aliansi ,monggo nanti yg butuh bisa langsung ketemu di parkiran selatan deket"
"RT @AliansiUtaraPSS: Masih ada sisa beberapa tiket kuning di Aliansi ,monggo nanti yg butuh bisa langsung ketemu di parkiran selatan deket"
"Masih ada sisa beberapa tiket kuning di Aliansi ,monggo nanti yg butuh bisa langsung ketemu di parkiran selatan deket genset jam 4"
"With Nur Aida at Parkiran Pasar Kuripan  https://t.co/lwuTSXEQhP"
"Semua akan parkir pada waktunya @ Parkiran Abu Bakar Ali, Malioboro https://t.co/SzpxAVdEAW"
"@CommuterLine Min klo sy naik CL trs masuk parkiran motor pakai kartu BCA bisa gak ya..?? https://t.co/V8gNpzFIYg"
"tiap pulang, yang matiin lampu kantor. pasti gw. langsung gelap semua hahahahaaa. kata bokap gw di pojok parkiran ada hantu"
"RT @hadisableng212: Sini ah main ke kalimantan, wisata melihat monyet2. Parkiran sekolah aja yang jagain monyet kok. Yawla bg"
"Parkiran Jazz
'Peaceful'
.
.
.
W/ @Endah_Laras  , Jacob Jayasena, Trio Mengapa, Sojazz https://t.co/HS6sALI39T"
"Parkiran Jazz
'Peaceful'
.
.
.
W/ @Endah_Laras  , Jacob Jayasena, Trio Mengapa, Sojazz https://t.co/TSTaHQtCqG"
"Saat kamu gak ada kerjaan. Jalan jalan ke mol.  Tapi belum waktunya buka.  Parkiran berasa milik sendiri.  https://t.co/cBpPvWLNQN"
"Teruskan saja wahai truck truck pembenci parkiran. Kurela kok dislonteng (lagi) #bahayatruck"
"Hal yg jarang bgt terjadi :

Gerhana bulan   

Cewe yg ga nyuruh cowonya nyangkutin helm di motor pas lg di parkiran mall   "
"Ini gmz  kucing penghuni parkiran lantai 3 mall taman anggrek  dia mau ikut masuk mall  https://t.co/tyo8FMaThv"
"@wikanyadonat @cinema21 Hahaha aku ngeliat kamu di parkiran dklinik kan.."
"I'm at Parkiran Wisata Jeep Kalibiru in Pengasih, Daerah Istimewa Yogyakarta https://t.co/uNQuMaa84v https://t.co/wwY4RB2zrq"
"RT @SupirPete2: ada yg salah ya dengan pembuatan pedestrian way di sepanjang jalan nusantara. jalur padat kendaraan apalagi truk, makin sem"
"RT @SupirPete2: ada yg salah ya dengan pembuatan pedestrian way di sepanjang jalan nusantara. jalur padat kendaraan apalagi truk, makin sem"
"pasar pagi parkiran berantakan"
"Andai
-ibu itu pk hijab
-suaminya muslim berjenggot
-mandau dan clurit gak masuk parkiran pesawat, pasti lebih rame"
"@triwul82 @tribunnews bukan hny melukai tp bencana moralitas bg bangsa, aplg kehidupan di lapas sukamiskin yg saat https://t.co/1lPRGv8tOe"
"Area bersih kampanye hitam dan politik uang,parkiran,angkringan dan PKL."
"RT @SupirPete2: ada yg salah ya dengan pembuatan pedestrian way di sepanjang jalan nusantara. jalur padat kendaraan apalagi truk, makin sem"
"Sini ah main ke kalimantan, wisata melihat monyet2. Parkiran sekolah aja yang jagain monyet kok. Yawla bg"
": Knp ga beli motor laki aja sih? Kan keren.. toh kredit jg.
: Iya sih, tapi kerennya cm sampe parkiran. Masuk tpt hang out kan ga g bawa."
"RT @SupirPete2: ada yg salah ya dengan pembuatan pedestrian way di sepanjang jalan nusantara. jalur padat kendaraan apalagi truk, makin sem"
"Basement parkiran apartemen iya https://t.co/m0IRKe90bt"
"RT @PrathamaMika: Parkiran motor pasar rumput , semrawut ... https://t.co/uqXC27cf8p"
"Renovasi jalan dari parkiran menuju area camp https://t.co/3SlRwcjyZw"
"@estikaratri @TMCPoldaMetro Betul, yg arah Priok. Parkiran liar para pengunjung warung tenda depan UKI. Dua lajur yg dipakai parkir!"
"@frdhita_ @infomalang coba servis komputer di parkir bawah pasar besar (pintu sebelah selatan, di dekat tanjakan parkiran matahari)"
"RT @SupirPete2: ada yg salah ya dengan pembuatan pedestrian way di sepanjang jalan nusantara. jalur padat kendaraan apalagi truk, makin sem"
"RT @SupirPete2: ada yg salah ya dengan pembuatan pedestrian way di sepanjang jalan nusantara. jalur padat kendaraan apalagi truk, makin sem"
"Pemprov DKI sebut kolong tol dekat RPTRA Kalijodo akan jadi parkiran https://t.co/sa5j13vzQo https://t.co/7PZbl1D26F"
"RT @SupirPete2: ada yg salah ya dengan pembuatan pedestrian way di sepanjang jalan nusantara. jalur padat kendaraan apalagi truk, makin sem"
"ada yg salah ya dengan pembuatan pedestrian way di sepanjang jalan nusantara. jalur padat kendaraan apalagi truk, makin sempit krn parkiran."
"@addictxxn ""Yaudah. Yuk, ke parkiran dulu."" Sang pemuda lah yang pertama bangkit berdiri. Ponsel pintarnya pun dile https://t.co/fYj9I2a1Lc"
"Bukan cuma fk fkg yang satu parkiran tapi gak saling kenal. Fisip farmasi pun sama. Semenjak farmasi kehilangan parkiran motor mahasiswanya"
"Jodoh itu kayak parkiran, udah ada yang ngatur.

#remember https://t.co/bCCDYoz7Iu"
"Pak pulisi @TMCPoldaMetro, mbok ya parkiran liar di depan UKI ditindak. Macetnya sampe ASABRI lho gara2 parkir liar itu."
"@9715rf Untuk parkiran sepeda tidak tersedia di Stasiun Bogor, tks."
"(5/7) Amankan mobil saat parkir. Setelah parkiran sesuai, pastikan anda telah memasang rem tangan"
"(3/7) Memaksimalkan kaca spion sangat membantu apalagi jika akan memarkir mobil mundur di tempat terbatas seperti parkiran mall/perkantoran"
"Dari Tangerang menuju Jkt, keluar Kembangan. Penggalan jalan itu dari exit tol hingga lampu merah Puri Kembangan sdh menjadi parkiran truk."
"@AmmarHsHm Ala tapi macet tak kat parkiran ? Sbb takut banyak kete je"
"Tumben tumbenan masuk parkiran Motor GRand Indonesia diperiksa sampe buka Jok motor.. bitch im shock https://t.co/Ma5xfycrPO"
"Usai sholat Ied Fitri di masjid Jami.. sy beranjak hendak pulang. Tapi ketika di parkiran, sy hentikan langkah... https://t.co/BSN232Fp5G"
"kalo ke tamsur parkiran motor belah mana sik?"
"terjun bebas dari genggaman tangan ke lantai semen parkiran mas kobis. yak sip! https://t.co/VMH8nipk2l"
"RT @Empuvers: Di parkiran sendiri lg.... 
#PutriAtKonserSuaraEmas"
"Penjelasan: Ternyata di tempat parkiran genset sebelumnya ada pohon besar, di belakangnya ada kuburan tua.

Okesip.

#mistis #76IdhUrban"
"bawa gitarnya udah dari parkiran. luar biasa sekali jung sewoon"
"Percuma diatur biar gak macet, tyt samping gereja sentrum akhirny jadi parkiran. Jaman dulu gak gitu tuh...halloow @KotaManado"
"POPEYE SEAFOOD
""Jika Tidak Enak Kami Diskon 100%""

Parkiran Yamaha Berlian Motor, Jl Cimanuk No.403, Jayaraga,... https://t.co/zuPCWR9WzA"
"Dulu sering gelut ma bpk parkiran di jogja wkt msh 1000-2000 tapi dinaikin 3000-10.000 gara2 preman..udh enak2 tdnya jujur malah ikut rusak."
"*keluarin mobil di parkiran, kasih tukang parkir 2000*
5rb mbak
pak sy jg org jogja. PERDAnya kan 2000, ikut aturan dong. *gas kabur*"
"Parkiran motor pasar rumput , semrawut ... https://t.co/uqXC27cf8p"
"*siap2 keluar parkiran*
*siap2 nagih, jalan sambil mendekati eug*

apaan pak. Bpk kan ga parkirin saya. Sorry ye. *nge gas motor* *cabut*"
"RT @MReza56_: Tjakep nih klo buat parkiran  https://t.co/YHQLCWRWD4"
"Sepertinya yg mau masuk ke Gramedia Depok dari parkiran 'dipaksa' masuk terlebih dahulu ke semacam toko gitu."
"Trus beleyer neng parkiran https://t.co/995PW8RF9n"
"Selesai dari bank, begitu keluar...hujan deras. Neduh di parkiran...dan ngga bawa rokok 

Cakep"
"Fisip pungli ini parah alias sejak kapan parkiran bayar"
"@nadotrangers Ko pikir parkiran mall tong"
"@dorisrosandi Wiiiiih kereeen @dorisrosandi keprok dulu ah haha , terus parkiran udah jadi basement blm?"
"Ada yang pernah menggunakan aplikasi perparkiran secara online seperti Parkiran/ SMARK/ Jukir? 

Need help! 

Thank you"
"@auliaaammm bisa ntar di parkiran pikiran rakyat"
"Saben mlebu parkiran neng gerbang ana sing moni ""Silahkan masuk.."" Apa lambene ora kesel yah? #ndesa"
"@vjdaniel Kebelet pipis mama, tak ada toilet parkiran pun jd "
"Parkiran men"
"RT @bajuz: Ketika relawan @BDGecotransport &amp; @dishub_kotabdg gembor"" mengajak masyarakat utk bersepeda, ada mall yg menghilangkan parkiran"
"Emang parkiran nya ga muat yaah.. koq parkir di kolong jmbtn semanggi arah bund HI, bikin macet..!!@KemensosRI https://t.co/U5Q6aNfTrH"
"Ada rumah yang halaman belakangnya punya parkiran kapal dan perosotan langsung ke laut, 2 bocah https://t.co/jDh59HnSnZ"
"Ada masukan ga parkiran di GBLA balad bandung pengennya seperti apa sih? Selama ini anda pilih parkir di dlm/luar area stadion? #BMS"
"mimpi nemenin mbul lembur sama tmn2 sampe setengah 12 malem, tau2 dia ambil tas trus ke parkiran, aku ditinggal, aku ngejar dia dan.."
"Kunci motor masi ngegantung selama kurleb 3 jam di parkiran cafe   Dan Alhamdulillah bgt amannnn."
"RT @radio964fm: #InfoKehilagan Telah Hilang Motor Vario Hitam plat nomor D5398OJ di parkiran stadion GBLA. Yg liat harap telpon ke Yadi : 0"
"@MafiaWasit Ini maksudnya adalah helm ilang di parkiran stadion @GBLAstadium kan ???? To the point aja"
"Barusan pulang dari @PlazaMarinaSBY dijalan arah parkiran ketemu adek kelas 5 Naik kelas 6 SD jualan pisang coklat sama pisang stroberi"
"RT @adimasnuel: Ketika jalan ke parkiran mall buat mastiin udah bener enggak lantainya...
https://t.co/g30uH6YZ3D"
"RT @Empuvers: Di parkiran sendiri lg.... 
#PutriAtKonserSuaraEmas"
"RT @radio964fm: #InfoKehilagan Telah Hilang Motor Vario Hitam plat nomor D5398OJ di parkiran stadion GBLA. Yg liat harap telpon ke Yadi : 0"
"RT @Empuvers: Di parkiran sendiri lg.... 
#PutriAtKonserSuaraEmas"
"RT @Empuvers: Di parkiran sendiri lg.... 
#PutriAtKonserSuaraEmas"
"RT @Empuvers: Di parkiran sendiri lg.... 
#PutriAtKonserSuaraEmas"
"RT @Empuvers: Di parkiran sendiri lg.... 
#PutriAtKonserSuaraEmas"
"RT @Empuvers: Di parkiran sendiri lg.... 
#PutriAtKonserSuaraEmas"
"RT @radio964fm: #InfoKehilagan Telah Hilang Motor Vario Hitam plat nomor D5398OJ di parkiran stadion GBLA. Yg liat harap telpon ke Yadi : 0"
"RT @radio964fm: #InfoKehilagan Telah Hilang Motor Vario Hitam plat nomor D5398OJ di parkiran stadion GBLA. Yg liat harap telpon ke Yadi : 0"
"RT @Omselalu: @bahanafmjkt Baru kemaren nemu di parkiran 2rb kk tak ambil buat byar parkir #sensor"
"RT @Empuvers: Di parkiran sendiri lg.... 
#PutriAtKonserSuaraEmas"
"KA 259 Prambanan Express persiapan masuk YK @ Parkiran Abu Bakar https://t.co/MUaCXt98MX"
"RT @Empuvers: Di parkiran sendiri lg.... 
#PutriAtKonserSuaraEmas"
"RT @Empuvers: Di parkiran sendiri lg.... 
#PutriAtKonserSuaraEmas"
"RT @Empuvers: Di parkiran sendiri lg.... 
#PutriAtKonserSuaraEmas"
"@bahanafmjkt Baru kemaren nemu di parkiran 2rb kk tak ambil buat byar parkir #sensor"
"RT @Empuvers: Di parkiran sendiri lg.... 
#PutriAtKonserSuaraEmas"
"RT @Empuvers: Di parkiran sendiri lg.... 
#PutriAtKonserSuaraEmas"
"RT @Empuvers: Di parkiran sendiri lg.... 
#PutriAtKonserSuaraEmas"
"RT @Empuvers: Di parkiran sendiri lg.... 
#PutriAtKonserSuaraEmas"
"Di parkiran sendiri lg.... 
#PutriAtKonserSuaraEmas"
"+ sepertinya mahasiswa UI yang tengah berjalan ke arah parkiran gedung FH. 

Tanpa babibu gadis itu langsung menghampiri laki laki yang +"
"""Iya iya, ini juga udah sampe parkiran"" ujar gadis yang baru saja keluar dari mobil hitam yang kini sudah terparkir rapi di tempatnya +"
"Ciao Amici! Ada yang kangen spaghetti napolitan? Dateng aja ke parkiran lap.tenis st.siliwangi, https://t.co/X8wkSRlwiH"
"Parkiran depan kantor ongkosnya naik. Keeejaaammmmm"
"Perpanjang parkiran 3 bulanan. Would this be the last one here? #changethegame"
"RT @radio964fm: #InfoKehilagan Telah Hilang Motor Vario Hitam plat nomor D5398OJ di parkiran stadion GBLA. Yg liat harap telpon ke Yadi : 0"
"udah stay di parkiran soeta sejam sbelum pswatnya flight dr Smrg.. Dan edingnya saya rusak dg g jdi brgkt. Ya ampun, Gmna g ngrasa brslah *3"
"Ketika relawan @BDGecotransport &amp; @dishub_kotabdg gembor"" mengajak masyarakat utk bersepeda, ada mall yg menghilangkan parkiran sepeda"
"@Hypermartkau pentacity balikpapan kurang nyaman. Trolley tdk bs sampai ke parkiran, kalau barang bnyk hrs angkut2 sendiri ke mobil."
"RT @PersibTwit: Kajadian Deui ! Motor Kru Radio Ini Hilang di Parkiran GBLA  https://t.co/N6Dhpi1Pan #Persib"
"RT @PersibTwit: Kajadian Deui ! Motor Kru Radio Ini Hilang di Parkiran GBLA  https://t.co/N6Dhpi1Pan #Persib"
"Kajadian Deui ! Motor Kru Radio Ini Hilang di Parkiran GBLA https://t.co/w0Pde3WuL9"
"#Populer Mobil ini diparkir selama lima hari di parkiran bandara. https://t.co/S7IsVzCPGG"
"@Young_Daddy_ @bearindo99 Makanya kalo udh mepet suka lari2an dari parkiran ke lift"
"RT @PersibTwit: Kajadian Deui ! Motor Kru Radio Ini Hilang di Parkiran GBLA  https://t.co/N6Dhpi1Pan #Persib"
"Tetap semangat walaupun jadi tukang sasapu parkiran @ Lembaga https://t.co/cQwjh0AFAN"
"Kajadian Deui ! Motor Kru Radio Ini Hilang di Parkiran GBLA  https://t.co/N6Dhpi1Pan #Persib"
"Anjir biasanya parkiran mbludak
Ini sepi bgt "
"@jurnal9news @Ansor_Satu @ansor_jatim @Banser_CyberNU @PartaiSocmed Kalau kalian biasanya cuma jaga parkiran gereja https://t.co/TFCWjvujVg"
"RT @tuanwidi: Ketika di parkiran ngurusin satu yang minumnya kebanyakan. Pengen nabok, tapi temen. https://t.co/lBjKOGq0HA"
"RT @radio964fm: #InfoKehilagan Telah Hilang Motor Vario Hitam plat nomor D5398OJ di parkiran stadion GBLA. Yg liat harap telpon ke Yadi : 0"
"RT @visitsemarang: Mahakarya Legenda Goa Kreo , 18 Juli 2017, 19:00 - selesai, area pelataran parkiran Goa Kreo https://t.co/Jt333wl4Cm"
"Pengalaman di mall ini, kejebak macet di dalem parkiran 2jam lebih
.
.
.
#indonesia_photography https://t.co/xtkRc7O2TW"
"Ampun dari parkiran ke IGD jalan kaki . fegell "
"@fjims Senior saya lebih parah, jenguk orang sakit di lantai atas pas ke parkiran pulang sendiri. Baru ngeh kalo is https://t.co/z2HeA6x17t"
"RT @tuanwidi: Ketika di parkiran ngurusin satu yang minumnya kebanyakan. Pengen nabok, tapi temen. https://t.co/lBjKOGq0HA"
"W pulang pemirsa. Jalan kaki debu2 ke tempat parkiran, ke bukit barisan lg cuma buat ambil baju. cri sampa. Yah itulah kisah tak berfaedah."
"@SMS_Serpong bisa kontak DM saya. Kemarin istri saya kehilangan tas di dalam mobil di parkiran SMS terimakasih"
"@BiLLYKOMPAS Cek dong parkiran dari kantor apa? ;))"
"Ini mang problem serius di Bandung. Kemarin di sekitaran tugu perjuangan rakyat jabar yg di seberang gasibu, dah ja https://t.co/uuVyJ5ukr1"
"Idealnya Mattoanging dibangun moderen punya areal basement buat parkiran, cafe, toko2  marchandise dll https://t.co/mvA7yfrvI9"
"@dyahkinanti Whahahah.. Iya.. Kmrn snen juga make.. Setdah antri ampe pintu yg tembus parkiran.. Pke kartu srobot m https://t.co/E6Amv98ixt"
"RT @radio964fm: #InfoKehilagan Telah Hilang Motor Vario Hitam plat nomor D5398OJ di parkiran stadion GBLA. Yg liat harap telpon ke Yadi : 0"
"RT @visitsemarang: Mahakarya Legenda Goa Kreo , 18 Juli 2017, 19:00 - selesai, area pelataran parkiran Goa Kreo https://t.co/Jt333wl4Cm"
"RT @visitsemarang: Mahakarya Legenda Goa Kreo , 18 Juli 2017, 19:00 - selesai, area pelataran parkiran Goa Kreo https://t.co/Jt333wl4Cm"
"Mahakarya Legenda Goa Kreo , 18 Juli 2017, 19:00 - selesai, area pelataran parkiran Goa Kreo https://t.co/Jt333wl4Cm"
"RT @radio964fm: #InfoKehilagan Telah Hilang Motor Vario Hitam plat nomor D5398OJ di parkiran stadion GBLA. Yg liat harap telpon ke Yadi : 0"
"RT @adimasnuel: Ketika jalan ke parkiran mall buat mastiin udah bener enggak lantainya...
https://t.co/2utL1iWBG4"
"RT @adimasnuel: Ketika jalan ke parkiran mall buat mastiin udah bener enggak lantainya...
https://t.co/g30uH6YZ3D"
"@_evaggelion aku sadar dr parkiran.  @alexemraldi cengengesan doang"
"RT @radio964fm: #InfoKehilagan Telah Hilang Motor Vario Hitam plat nomor D5398OJ di parkiran stadion GBLA. Yg liat harap telpon ke Yadi : 0"
"RT @radio964fm: #InfoKehilagan Telah Hilang Motor Vario Hitam plat nomor D5398OJ di parkiran stadion GBLA. Yg liat harap telpon ke Yadi : 0"
"RT @radio964fm: #InfoKehilagan Telah Hilang Motor Vario Hitam plat nomor D5398OJ di parkiran stadion GBLA. Yg liat harap telpon ke Yadi : 0"
"I LOVE JADOEL
#savehpjadul #hpjadul #hp #gadget #nokia @ Parkiran Sutos Menggila https://t.co/dy3qFboLBL"
"RT @radio964fm: #InfoKehilagan Telah Hilang Motor Vario Hitam plat nomor D5398OJ di parkiran stadion GBLA. Yg liat harap telpon ke Yadi : 0"
"Ketika di parkiran ngurusin satu yang minumnya kebanyakan. Pengen nabok, tapi temen. https://t.co/lBjKOGq0HA"
"RT @radio964fm: #InfoKehilagan Telah Hilang Motor Vario Hitam plat nomor D5398OJ di parkiran stadion GBLA. Yg liat harap telpon ke Yadi : 0"
"RT @radio964fm: #InfoKehilagan Telah Hilang Motor Vario Hitam plat nomor D5398OJ di parkiran stadion GBLA. Yg liat harap telpon ke Yadi : 0"
"RT @radio964fm: #InfoKehilagan Telah Hilang Motor Vario Hitam plat nomor D5398OJ di parkiran stadion GBLA. Yg liat harap telpon ke Yadi : 0"
"RT @radio964fm: #InfoKehilagan Telah Hilang Motor Vario Hitam plat nomor D5398OJ di parkiran stadion GBLA. Yg liat harap telpon ke Yadi : 0"
"RT @radio964fm: #InfoKehilagan Telah Hilang Motor Vario Hitam plat nomor D5398OJ di parkiran stadion GBLA. Yg liat harap telpon ke Yadi : 0"
"RT @radio964fm: #InfoKehilagan Telah Hilang Motor Vario Hitam plat nomor D5398OJ di parkiran stadion GBLA. Yg liat harap telpon ke Yadi : 0"
"RT @radio964fm: #InfoKehilagan Telah Hilang Motor Vario Hitam plat nomor D5398OJ di parkiran stadion GBLA. Yg liat harap telpon ke Yadi : 0"
"RT @andy_hartono: Masuk parkiran mall lalu parkir. Pas buka pintu mobil sambil buang sampah sembarangan. #ndeso banget"
"RT @radio964fm: #InfoKehilagan Telah Hilang Motor Vario Hitam plat nomor D5398OJ di parkiran stadion GBLA. Yg liat harap telpon ke Yadi : 0"
"RT @radio964fm: #InfoKehilagan Telah Hilang Motor Vario Hitam plat nomor D5398OJ di parkiran stadion GBLA. Yg liat harap telpon ke Yadi : 0"
"RT @radio964fm: #InfoKehilagan Telah Hilang Motor Vario Hitam plat nomor D5398OJ di parkiran stadion GBLA. Yg liat harap telpon ke Yadi : 0"
"RT @radio964fm: #InfoKehilagan Telah Hilang Motor Vario Hitam plat nomor D5398OJ di parkiran stadion GBLA. Yg liat harap telpon ke Yadi : 0"
"RT @radio964fm: #InfoKehilagan Telah Hilang Motor Vario Hitam plat nomor D5398OJ di parkiran stadion GBLA. Yg liat harap telpon ke Yadi : 0"
"RT @radio964fm: #InfoKehilagan Telah Hilang Motor Vario Hitam plat nomor D5398OJ di parkiran stadion GBLA. Yg liat harap telpon ke Yadi : 0"
"RT @radio964fm: #InfoKehilagan Telah Hilang Motor Vario Hitam plat nomor D5398OJ di parkiran stadion GBLA. Yg liat harap telpon ke Yadi : 0"
"RT @radio964fm: #InfoKehilagan Telah Hilang Motor Vario Hitam plat nomor D5398OJ di parkiran stadion GBLA. Yg liat harap telpon ke Yadi : 0"
"RT @radio964fm: #InfoKehilagan Telah Hilang Motor Vario Hitam plat nomor D5398OJ di parkiran stadion GBLA. Yg liat harap telpon ke Yadi : 0"
"RT @radio964fm: #InfoKehilagan Telah Hilang Motor Vario Hitam plat nomor D5398OJ di parkiran stadion GBLA. Yg liat harap telpon ke Yadi : 0"
"RT @radio964fm: #InfoKehilagan Telah Hilang Motor Vario Hitam plat nomor D5398OJ di parkiran stadion GBLA. Yg liat harap telpon ke Yadi : 0"
"RT @radio964fm: #InfoKehilagan Telah Hilang Motor Vario Hitam plat nomor D5398OJ di parkiran stadion GBLA. Yg liat harap telpon ke Yadi : 0"
"RT @radio964fm: #InfoKehilagan Telah Hilang Motor Vario Hitam plat nomor D5398OJ di parkiran stadion GBLA. Yg liat harap telpon ke Yadi : 0"
"RT @IYahwe: Multifungsi..antara lain penjaga parkiran gereja https://t.co/68eSKX80xo"
"RT @radio964fm: #InfoKehilagan Telah Hilang Motor Vario Hitam plat nomor D5398OJ di parkiran stadion GBLA. Yg liat harap telpon ke Yadi : 0"
"@coliin_aja Asik tu apa lagi di parkiran pasti nikmat"
"RT @radio964fm: #InfoKehilagan Telah Hilang Motor Vario Hitam plat nomor D5398OJ di parkiran stadion GBLA. Yg liat harap telpon ke Yadi : 0"
"RT @radio964fm: #InfoKehilagan Telah Hilang Motor Vario Hitam plat nomor D5398OJ di parkiran stadion GBLA. Yg liat harap telpon ke Yadi : 0"
"Masih lebih baik daripada antrian indomaret, pom bensin, mcd, atau parkiran...

https://t.co/PDDZfG52oU https://t.co/y55coB2Z5u"
"Masih lebih baik daripada antrian indomaret, pom bensin, mcd, atau parkiran...

https://t.co/PDDZfGmDgs"
"RT @radio964fm: #InfoKehilagan Telah Hilang Motor Vario Hitam plat nomor D5398OJ di parkiran stadion GBLA. Yg liat harap telpon ke Yadi : 0"
"@Brightsunn ohhhh steam mobil,saya kira parkiran soalnya bisnis parkiran gak kalah menguntungkanya jaman skrg.haha"
"@putraleonardy hahaha ini teh aku lagi ngomongin steam mobil sih, bang... tapi parkiran leh jugaak cihh.. masuk kokk nyambung nyambungg.."
"@BangErwinn kan parkiran jam 5 bang haha"
"RT @radio964fm: #InfoKehilagan Telah Hilang Motor Vario Hitam plat nomor D5398OJ di parkiran stadion GBLA. Yg liat harap telpon ke Yadi : 0"
"RT @radio964fm: #InfoKehilagan Telah Hilang Motor Vario Hitam plat nomor D5398OJ di parkiran stadion GBLA. Yg liat harap telpon ke Yadi : 0"
"RT @radio964fm: #InfoKehilagan Telah Hilang Motor Vario Hitam plat nomor D5398OJ di parkiran stadion GBLA. Yg liat harap telpon ke Yadi : 0"
"RT @radio964fm: #InfoKehilagan Telah Hilang Motor Vario Hitam plat nomor D5398OJ di parkiran stadion GBLA. Yg liat harap telpon ke Yadi : 0"
"RT @radio964fm: #InfoKehilagan Telah Hilang Motor Vario Hitam plat nomor D5398OJ di parkiran stadion GBLA. Yg liat harap telpon ke Yadi : 0"
"RT @radio964fm: #InfoKehilagan Telah Hilang Motor Vario Hitam plat nomor D5398OJ di parkiran stadion GBLA. Yg liat harap telpon ke Yadi : 0"
"RT @radio964fm: #InfoKehilagan Telah Hilang Motor Vario Hitam plat nomor D5398OJ di parkiran stadion GBLA. Yg liat harap telpon ke Yadi : 0"
"RT @radio964fm: #InfoKehilagan Telah Hilang Motor Vario Hitam plat nomor D5398OJ di parkiran stadion GBLA. Yg liat harap telpon ke Yadi : 0"
"RT @radio964fm: #InfoKehilagan Telah Hilang Motor Vario Hitam plat nomor D5398OJ di parkiran stadion GBLA. Yg liat harap telpon ke Yadi : 0"
"RT @radio964fm: #InfoKehilagan Telah Hilang Motor Vario Hitam plat nomor D5398OJ di parkiran stadion GBLA. Yg liat harap telpon ke Yadi : 0"
"RT @radio964fm: #InfoKehilagan Telah Hilang Motor Vario Hitam plat nomor D5398OJ di parkiran stadion GBLA. Yg liat harap telpon ke Yadi : 0"
"RT @radio964fm: #InfoKehilagan Telah Hilang Motor Vario Hitam plat nomor D5398OJ di parkiran stadion GBLA. Yg liat harap telpon ke Yadi : 0"
"RT @radio964fm: #InfoKehilagan Telah Hilang Motor Vario Hitam plat nomor D5398OJ di parkiran stadion GBLA. Yg liat harap telpon ke Yadi : 0"
"RT @radio964fm: #InfoKehilagan Telah Hilang Motor Vario Hitam plat nomor D5398OJ di parkiran stadion GBLA. Yg liat harap telpon ke Yadi : 0"
"RT @radio964fm: #InfoKehilagan Telah Hilang Motor Vario Hitam plat nomor D5398OJ di parkiran stadion GBLA. Yg liat harap telpon ke Yadi : 0"
"RT @radio964fm: #InfoKehilagan Telah Hilang Motor Vario Hitam plat nomor D5398OJ di parkiran stadion GBLA. Yg liat harap telpon ke Yadi : 0"
"RT @radio964fm: #InfoKehilagan Telah Hilang Motor Vario Hitam plat nomor D5398OJ di parkiran stadion GBLA. Yg liat harap telpon ke Yadi : 0"
"RT @radio964fm: #InfoKehilagan Telah Hilang Motor Vario Hitam plat nomor D5398OJ di parkiran stadion GBLA. Yg liat harap telpon ke Yadi : 0"
"RT @radio964fm: #InfoKehilagan Telah Hilang Motor Vario Hitam plat nomor D5398OJ di parkiran stadion GBLA. Yg liat harap telpon ke Yadi : 0"
"RT @radio964fm: #InfoKehilagan Telah Hilang Motor Vario Hitam plat nomor D5398OJ di parkiran stadion GBLA. Yg liat harap telpon ke Yadi : 0"
"RT @radio964fm: #InfoKehilagan Telah Hilang Motor Vario Hitam plat nomor D5398OJ di parkiran stadion GBLA. Yg liat harap telpon ke Yadi : 0"
"RT @radio964fm: #InfoKehilagan Telah Hilang Motor Vario Hitam plat nomor D5398OJ di parkiran stadion GBLA. Yg liat harap telpon ke Yadi : 0"
"RT @radio964fm: #InfoKehilagan Telah Hilang Motor Vario Hitam plat nomor D5398OJ di parkiran stadion GBLA. Yg liat harap telpon ke Yadi : 0"
"RT @radio964fm: #InfoKehilagan Telah Hilang Motor Vario Hitam plat nomor D5398OJ di parkiran stadion GBLA. Yg liat harap telpon ke Yadi : 0"
"RT @radio964fm: #InfoKehilagan Telah Hilang Motor Vario Hitam plat nomor D5398OJ di parkiran stadion GBLA. Yg liat harap telpon ke Yadi : 0"
"RT @radio964fm: #InfoKehilagan Telah Hilang Motor Vario Hitam plat nomor D5398OJ di parkiran stadion GBLA. Yg liat harap telpon ke Yadi : 0"
"RT @radio964fm: #InfoKehilagan Telah Hilang Motor Vario Hitam plat nomor D5398OJ di parkiran stadion GBLA. Yg liat harap telpon ke Yadi : 0"
"RT @radio964fm: #InfoKehilagan Telah Hilang Motor Vario Hitam plat nomor D5398OJ di parkiran stadion GBLA. Yg liat harap telpon ke Yadi : 0"
"RT @radio964fm: #InfoKehilagan Telah Hilang Motor Vario Hitam plat nomor D5398OJ di parkiran stadion GBLA. Yg liat harap telpon ke Yadi : 0"
"RT @radio964fm: #InfoKehilagan Telah Hilang Motor Vario Hitam plat nomor D5398OJ di parkiran stadion GBLA. Yg liat harap telpon ke Yadi : 0"
"RT @radio964fm: #InfoKehilagan Telah Hilang Motor Vario Hitam plat nomor D5398OJ di parkiran stadion GBLA. Yg liat harap telpon ke Yadi : 0"
"#InfoKehilagan Telah Hilang Motor Vario Hitam plat nomor D5398OJ di parkiran stadion GBLA. Yg liat harap telpon ke Yadi : 081394641633!"
"*parkiran mall* Duh tmpt parkir penuh smua nih | nah itu kosong 3 biji | Gw g mau parkir mundur | Knp? | Move on donk | *kselek ambipur*"
"@republikaonline ah maneh 2 periode naon hungkul ?? macul ?? molor ?? ucing nyumput ?? dagang cuanki ?? jaga parkir https://t.co/Q2ZozX33Xw"
"1 prinsip di SMA ""yang penting bisa lolos gerbang dulu. mau nuntun motor ke parkiran gara2 kunci disita itu urusan belakangan."""
"Terdengar sepintas di suatu parkiran
 : ""Arema kok jaketan!?!!""
Me inside: lha dipikir arema gaiso masuk angin ta"
"yang sering cabut kelas bilangnya ke toilet padahal nyebat di parkiran"
"Uji nyali dingin mumpung enek sedulur wedok.....  merasa penuh kegembiraan di Pasar Parkiran Jatim Park https://t.co/bs99VFId1j"
"Multifungsi..antara lain penjaga parkiran gereja https://t.co/68eSKX80xo"
"Masuk parkiran mall lalu parkir. Pas buka pintu mobil sambil buang sampah sembarangan. #ndeso banget"
"Tiap pulang nunggu parkiran lenggang. Motor ratusan pintu keluarnya cuma dua. Pemeriksaannya bertele.. Kurang efisien tata parkirnya."
"Problematika mall di Kalimantan cuma satu gaes. Cuma satu.

Parkiran."
"*balik kantor
*papasan cowo di parkiran

Eh itu siapa, 
kok cakep, 
kok gw ga tau, 
Dia anak mana,
blom gw cicip lg"
"@HoofdbureauID WARNING JUGA,,!!!
PARKIRAN YG DILUAR GBT, DI PINGGIR2 TAMBAK, TIAP BUYARAN GAK ADA YG JAGA, RAWAN PE https://t.co/EtgriNYL93"
"#jenaka jual mobil buat beli parkiran !?? Good idea 
@KompasKlasika https://t.co/i6uQvNgflf"
"@bagashuft iya yang gedung biru kak bagas parkir di parkiran udinus depan aja nanti ke gedung rektorat. aku tunggu di kursi depan yes"
"Jam setengah dua wes stay parkiran kiihh kwkk https://t.co/68Ff4BSvhZ"
"#MostPopular Bisnis Parkiran Juga Bisa Dikelola Online https://t.co/sAJcFtj3JS https://t.co/OxdlkRMfQS"
"Berjualan di Parkiran, Puluhan Pedagang Pasar Lubuk Buaya Ditertibkan https://t.co/5Pyjsw45VK https://t.co/sqzQDvKVRx"
"Parkiran motor https://t.co/eyqWWpk7wE"
"Parkiran https://t.co/Ac54BBhzyu"
"Matrix Studio
Ada tempat dance, studio musik, studio recording, cafetaria, parkiran luas
Studio https://t.co/MUu50ar2E1"
"Jika remote mobil ACC Friends tidak berfungsi saat berada di parkiran, pastikan kendaraan tidak di parkir dekat men https://t.co/346H0AOW0R"
"@md_adit Bener banget, yg paling menyebalkan dari lv.21 itu parkiran'nya"
"Kaya foto ini, gue harus lari-lari ngambilnya, nunggu parkiran sepi, ngumpet dari satpam. Tapi si pencuri karya ena https://t.co/zBviRzjhRm"
"Njuk sekarang kampus 5 yang mungil dan lucu itu ketambahan prodi lain lagi, apa ya nggak tambah sumpek? Parkiran gimana njukan? "
" @ Parkiran https://t.co/Hk3IViXa0d"
"@bondetxxx Parkiran manaaaaa"
"Hari2 awal masuk kerja itu harinya salam2an dari parkiran - lift - ruangan - WC - Kantin - Tangga darurat semua disalamin walau ga kenal"
"@sidodot Aman sih. Wkt itu tmn gw bawa motor, dan di parkiran ada mobil nginep juga. Weekend mayan rame pada tendaan hammockan.."
"@kotaSUBANG @PemkabSubang Lalu saya ke Kecamatan Purwadadi dan di parkiran ketemu Bpk O.Sediana tadi. Beliau jam ke https://t.co/DTBT2fg9W2"
"Parkiran kantor nggak ada atap, dan hujan :)"
"(Lokasi: Parkiran Damkar Bangkinang, Kampar - Riau)
#gnet #bahanbangunan #roof #roofdeck #deck #atap #ataprumah https://t.co/d9LyE2pda3"
"Hati-hati di jalan dan parkiran. Perhatikan dongkrak motormu, guys."
"@obekebo Eh, lapangannya jadi parkiran."
"Biasanya jam segini udah nyampe parkiran dan bergegas untuk kerja, https://t.co/RWv34Qaxy6"
"Jalanan telah penuh,  tari topeng sudah dimulai, 
Parkiran penuh semua"
"@YogyakartaCity Bingung ngga tau siapa yg salah, akhirnya buka portal senidiri, usaha sendiri demi mobil bisa keluar parkiran"
"@YogyakartaCity Tapi lucunya 01.50 habis makan di malioboro, ane balik parkiran, dan parkirannya udah di portal semua :("
"01.15 bingung cari parkiran di malioboro, masuk lah ane di parkiran abubakar ali. Langsung di todong suruh bayar parkir 10k @YogyakartaCity"
"@kkwtaeyong Lu pengamat parkiran sejawa bali ya?:"")"
"@kkwtaeyong Parkiran mana tuh yang naik?"
"@buha_24 Waaaaah kok aku gak sampe ke parkiran gitu yah.."
"#Latepost setengah keadaan parkiran macet  https://t.co/HkSy5Jgfzo"
"Paaaasti #SedihBangetKalo pas lagi pergi kerja lupa bawa tas yg isinya hape dan dompet, dan baru inget pas di parkiran kantor..."
"@pixiebeelo Fatalismenya parah, maka dari itu apartemennya aneh (di parkiran, gelap, perabotan kaku &amp; sedikit): dia https://t.co/t9fLzMfQC8"
"Saben mlebu parkiran neng gerbang ana sing moni ""Silahkan masuk.."" Apa lambene ora kesel yah? #ndesa"
"Biasane rebutan makanan,minum dgn gelas sama, selfie bareng,jln  ke parkiran barengg,ngbrolin wacana mau piknik ah mlm ini aku rindu kalian"
"With Hervina, Violira, and 2 others at Pasar Parkiran Kota Wisata Batu  https://t.co/OKk1PboFey"
"Salah dua parkiran mobil di daerah Rotowijayan, dekat keraton. 
Kalau di Jakarta, lahan segitu sih sudah jadi 3 k https://t.co/KB3FAso32o"
"@Yfais untuk stasiun Tebet belum tersedia parkiran mobil @PT_RMU untuk informasi parkir kendaraan di stasiun, tks"
"@bulugujis untuk informasi parkiran yg berada di stasiun dapat follow @PT_RMU , tks"
"RT @kurniawanyoyok: @ZAEffendy Mudik lancar mbahmu kiper itu hut.. Tol kayak parkiran gitu."
"RT @adimasnuel: Ketika jalan ke parkiran mall buat mastiin udah bener enggak lantainya...
https://t.co/g30uH6YZ3D"
"@maspiyuuu Jd inget kejadian nyebrang bbrp waktu lalu... Jd inget tetanggaku, yg ngomong blg slg pengertian ttg par https://t.co/3KgoCmohdP"
"@ZAEffendy Mudik lancar mbahmu kiper itu hut.. Tol kayak parkiran gitu."
"Tadi yg di parkiran, beat item manis banget njir "
"RT @alfian_apink: Parkiran aman sit? https://t.co/Yo0HY3KfIZ"
"#SedihBangetKalo nyampe di parkiran, ehh helm udah diambil orang "
"Parkiran aman sit? https://t.co/Yo0HY3KfIZ"
"RT @adimasnuel: Ketika jalan ke parkiran mall buat mastiin udah bener enggak lantainya...
https://t.co/g30uH6YZ3D"
"RT @adimasnuel: Ketika jalan ke parkiran mall buat mastiin udah bener enggak lantainya...
https://t.co/g30uH6YZ3D"
"RT @Pulau_ila: Selagi nafas masih panjang meniup peluit, walaupun harus ngesot, dia tetap telaten mengatur parkiran #kitasama @id_bermimpi"
"RT @adimasnuel: Ketika jalan ke parkiran mall buat mastiin udah bener enggak lantainya...
https://t.co/g30uH6YZ3D"
"RT @adimasnuel: Ketika jalan ke parkiran mall buat mastiin udah bener enggak lantainya...
https://t.co/g30uH6YZ3D"
"RT @DiskominfoMks: 15:18.Jl.Tentara Pelajar.Parkiran disini betul2 parah.Setengah badan jalan dikuasai #CCTVDiskominfoMKS *lv https://t.co/"
"RT @DiskominfoMks: 16:18.Jl.A.P.Pettarani terpantau kian padat sore ini dikarenakan parkiran panjangsalah satu klinik di spot ini #CCTVDisk"
"16:18.Jl.A.P.Pettarani terpantau kian padat sore ini dikarenakan parkiran panjangsalah satu klinik di spot ini https://t.co/OaESdobnWp"
"masih dengan gagah sang garuda ini menjaga parkiran bandara soeta  @ SoekarnoHatta https://t.co/fNJnCJN650"
"May satan be with u.
.
.
.
.
.
.
(: @ Pasar Parkiran Jatim Park https://t.co/eCIynut4RP"
"depok - bogor , bogor - depok cuma ngasih karcis parkiran doang "
"15:18.Jl.Tentara Pelajar.Parkiran disini betul2 parah.Setengah badan jalan dikuasai #CCTVDiskominfoMKS *lv https://t.co/J8dMH9vKtY"
"@bryands18 Di parkiran RSUD pasar minggu"
"Hal yg paling ngeselin sedunia itu baru beli helem semalem trus di pake sekali dan ilang di parkiran"
"RT @adimasnuel: Ketika jalan ke parkiran mall buat mastiin udah bener enggak lantainya...
https://t.co/g30uH6YZ3D"
"RT @adimasnuel: Ketika jalan ke parkiran mall buat mastiin udah bener enggak lantainya...
https://t.co/g30uH6YZ3D"
"RT @adimasnuel: Ketika jalan ke parkiran mall buat mastiin udah bener enggak lantainya...
https://t.co/g30uH6YZ3D"
"RT @adimasnuel: Ketika jalan ke parkiran mall buat mastiin udah bener enggak lantainya...
https://t.co/g30uH6YZ3D"
"RT @adimasnuel: Ketika jalan ke parkiran mall buat mastiin udah bener enggak lantainya...
https://t.co/g30uH6YZ3D"
"RT @adimasnuel: Ketika jalan ke parkiran mall buat mastiin udah bener enggak lantainya...
https://t.co/g30uH6YZ3D"
"@BVBXPSS1976 @Sumberadi1976 @vanderwijck1976 @coasteagle1976 @WestBoys76 @aquilanera1976 Parkiran selatan depan gen https://t.co/Gk52IFrNYQ"
"@Sumberadi1976 @slemanMbois @vanderwijck1976 @coasteagle1976 @WestBoys76 @aquilanera1976 oke tampil :)) parkiran se https://t.co/5J2sxHyshL"
"@pardedereza Parkiran motor di depan minimarket serem bgt om "
"RT @adimasnuel: Ketika jalan ke parkiran mall buat mastiin udah bener enggak lantainya...
https://t.co/g30uH6YZ3D"
"RT @adimasnuel: Ketika jalan ke parkiran mall buat mastiin udah bener enggak lantainya...
https://t.co/g30uH6YZ3D"
"RT @adimasnuel: Ketika jalan ke parkiran mall buat mastiin udah bener enggak lantainya...
https://t.co/g30uH6YZ3D"
"RT @adimasnuel: Ketika jalan ke parkiran mall buat mastiin udah bener enggak lantainya...
https://t.co/g30uH6YZ3D"
"RT @adimasnuel: Ketika jalan ke parkiran mall buat mastiin udah bener enggak lantainya...
https://t.co/g30uH6YZ3D"
"RT @adimasnuel: Ketika jalan ke parkiran mall buat mastiin udah bener enggak lantainya...
https://t.co/g30uH6YZ3D"
"RT @adimasnuel: Ketika jalan ke parkiran mall buat mastiin udah bener enggak lantainya...
https://t.co/g30uH6YZ3D"
"RT @adimasnuel: Ketika jalan ke parkiran mall buat mastiin udah bener enggak lantainya...
https://t.co/g30uH6YZ3D"
"RT @adimasnuel: Ketika jalan ke parkiran mall buat mastiin udah bener enggak lantainya...
https://t.co/g30uH6YZ3D"
"12:54.Jl.Tentara Pelajar-Sulawesi.Makin siang parkiran disini makin amburadul.Ambil stngh bdn jln lalu jd macet https://t.co/xmOW952g3D"
"RT @adimasnuel: Ketika jalan ke parkiran mall buat mastiin udah bener enggak lantainya...
https://t.co/g30uH6YZ3D"
"RT @adimasnuel: Ketika jalan ke parkiran mall buat mastiin udah bener enggak lantainya...
https://t.co/g30uH6YZ3D"
"Ketika jalan ke parkiran mall buat mastiin udah bener enggak lantainya...
https://t.co/g30uH6YZ3D"
"Kangen juga kalo disekolah suka nungguin parkiran sampe sepi baru kita pulang"
"yang telat dateng halbilnya segini aja lah ya kejebak d parkiran https://t.co/Fv7dnyxfGo"
"I'm at Kantin parkiran KLH in Jakarta Capital Region https://t.co/COU20zmSp6"
"@hamidah_hidayat Mank kau slalu berharap yg baru (noh dapatin di toko2 dekat parkiran alfamart) "
"RT @kompascom: Mobil ini diparkir selama lima hari di parkiran bandara. https://t.co/xDwEfCv6py"
"Makasih doa nye jadi ketemu deh di pegang sama tukang parkiran hehee..tadi dimane ? Ane mah dimdim https://t.co/yZ9VCzVJh5"
"RT @kompascom: Mobil ini diparkir selama lima hari di parkiran bandara. https://t.co/xDwEfCv6py"
"@piokharisma Ini yg di Santa kayaknya, pada antri di parkiran?"
"RT @kompascom: Mobil ini diparkir selama lima hari di parkiran bandara. https://t.co/xDwEfCv6py"
"Dateng pergi, ini hati bukan parkiran motor yang bisa seenaknya kamu dateng buat parkir."
"Mobil ini diparkir selama lima hari di parkiran bandara. https://t.co/xDwEfCv6py"
"Membuka usaha parkiran sepertinya investasi yang menjanjikan...
bisajadi.."
"@ShoutOut3Sub ""Di parkiran, masih mendep dalam mobil, males bgt keluar di bandara rame."""
"@dianamn_93 @morganoey td nya mau ikut tuh ke parkiran tp capek, morgan kaya gula di kerubutin semut, ku lelah ngejarnya wkwk"
"RT @RhendyW: @DivisiTeknik01 @trotoarian @bahdirja @sekitarbandung_ @uPi_uPay @ridwankamil @dishub_kotabdg @bdg_kiwari @olegunnnn @usabpern"
"RT @RhendyW: @DivisiTeknik01 @trotoarian @bahdirja @sekitarbandung_ @uPi_uPay @ridwankamil @dishub_kotabdg @bdg_kiwari @olegunnnn @usabpern"
"Dilema menunggu di parkiran. Mesin mobil tetap hidup, pasang AC, tapi boros BBM. Mesin dimatikan, buka kaca, nyamuk yg masuk "
"RT @silvani_alif: @Takviri ngalamin sndiri. di parkiran t4 wisata bunyiin musik mobil kenceng2,trs pas kita lagi jln mrk naik ojek sambil c"
"@Erlindapus @yanuarisnan_ Lor rel kae saiki sok sepi mbil ,nek parkiran ki berati kidul dalan to?"
"@andi_iiii @blangk_on @Caacad Dekat itu haha. Parkiran mobil kan di metropole megaria"
"Yakin lah iki menghabiskan waktu 30 menit nggo metu seko parkiran "
"RT @jo_onyl: Baru di parkiran sdah bingung..fuuuooollll..
#FildanKonserTerimaKasihkuKendari"
"RT @jo_onyl: Baru di parkiran sdah bingung..fuuuooollll..
#FildanKonserTerimaKasihkuKendari"
"RT @silvani_alif: @Takviri ngalamin sndiri. di parkiran t4 wisata bunyiin musik mobil kenceng2,trs pas kita lagi jln mrk naik ojek sambil c"
"RT @jo_onyl: Baru di parkiran sdah bingung..fuuuooollll..
#FildanKonserTerimaKasihkuKendari"
"RT @FJRH22: Mbleyer2 ng parkiran, penting srawung https://t.co/eryMyr3PRg"
"RT @jo_onyl: Baru di parkiran sdah bingung..fuuuooollll..
#FildanKonserTerimaKasihkuKendari"
"RT @jo_onyl: Baru di parkiran sdah bingung..fuuuooollll..
#FildanKonserTerimaKasihkuKendari"
"RT @jo_onyl: Baru di parkiran sdah bingung..fuuuooollll..
#FildanKonserTerimaKasihkuKendari"
"Baru di parkiran sdah bingung..fuuuooollll..
#FildanKonserTerimaKasihkuKendari"
"Jauh-jauh liburan ke Jogja, fotonya di parkiran @ The Sahid Rich Jogja https://t.co/JPnhkne5bc"
"RT @DiskominfoMks: 07:48. Jl. Pasar Ikan tampak sesekali tersendat d sktr dermaga akibat parkiran d sisi kiri-kanan jln. Jgn mnyusahkan org"
"@mytapradita Parkiran toko deket rumah mit "
"Mbleyer2 ng parkiran, penting srawung https://t.co/eryMyr3PRg"
"RT @buangjahat: Di depan alfamart itu, ada sebwah papan plang yg bertuliskan:

""ADIL SEJAK DALAM PARKIRAN."""
"Kemaren di parkiran hotel satpam nyamperin

 mas plat BE dr lampung ya
 y mz
 udh nikah mas?
 udah tadi pagi
 waw"
"@bella_mangundap bukang. baru dia. 57fu pe parkiran pe dimuka"
"RT @DeerGantology: Gak perlu terlalu ngatur-ngatur pasangan. 
Ini menjalin hubungan sama manusia, bukan parkiran."
"RT @jawapos: Kualat! Pelaku Curanmor Tewas Usai Kepergok Curi Motor di Parkiran Masjid https://t.co/WU2G3ArHDk"
"Kualat! Pelaku Curanmor Tewas Usai Kepergok Curi Motor di Parkiran Masjid https://t.co/WU2G3ArHDk"
"@ahmadflam @dewidewai Jalan langsung aja lewat terowongan bawah terus ke arah parkiran luar. Jalan ke arah gedung p https://t.co/3tD2vBvV55"
"@bapenda_jabar @dispendakotabgr Tadi pagi sy byr pajak mtr di Samsat Bakorwil.  Parkiran penuh dan gak teratur.  Yg https://t.co/D7tg6H2R4W"
"RT @buangjahat: Di depan alfamart itu, ada sebwah papan plang yg bertuliskan:

""ADIL SEJAK DALAM PARKIRAN."""
"Otw parkiran mau jemput gue sembari dengerin lagu kesukaan.
Pacar idaman https://t.co/FT031eyUcm"
"Bkn g berani ngacak2.tp FPI DPT JATAH!TERMASUK TANAH ABANG!PARKIRAN.MKNYA PD NGAMUK SM AHOK!KRNLAHAN PENYIKSA JLN M https://t.co/2MVaJ0sb33"
"Tjakep nih klo buat parkiran  https://t.co/YHQLCWRWD4"
"RT @buangjahat: Di depan alfamart itu, ada sebwah papan plang yg bertuliskan:

""ADIL SEJAK DALAM PARKIRAN."""
"Terima kasih wisatawan yg sudah mampir dijln Sosrowijayan,kunjungan anda berkah buat kami
#parkiran
#hotel
#berkahlebaran
#bagijatah
#akamsi"
"Beli mobil dijakarta itu dilihat berdasarkan luas parkiran rumah  https://t.co/I25Vth2vNB"
"@FianYustinova Cari parkiran ane mah.... *parkiran bec bikin emosi*"
"RT @buangjahat: Di depan alfamart itu, ada sebwah papan plang yg bertuliskan:

""ADIL SEJAK DALAM PARKIRAN."""
"RT @buangjahat: Di depan alfamart itu, ada sebwah papan plang yg bertuliskan:

""ADIL SEJAK DALAM PARKIRAN."""
"Klo parkiran motor jangan bertahun tahun, akibatnya seperti ini https://t.co/RnP62I6FWH"
"Barusan nganterin sepupu ke kampusnya. Di parkiran liat tulisan gini:
""PARKIR KHUSUS DOSEN""

Brarti yg parkir dosennya, kendaraannya ngajar."
"TM dari parkiran, food court, xxi ampe toiletnya aja rame bener macam ngantri BLT."
"@piterpern percuma kalo ke pepeje cicingna di parkiran cuma udut aja :*"
"@BankBCA parkiran cabang Wolter ""di dominan"" motor GOJEK (kerjasama management). Parkir 1 mobil dipake utk motor2 jg. Gak nyaman lagi!"
"@AdjieSanPutro @andiraa @carlotamba @fxmario Di parkiran gym gue tiap weekend pd suka ""setrongan man"" kayak gitu, b https://t.co/nJfIgqoEpQ"
"Tujuan ke bank mandiri RSMH tp parkiram anjayyy penuhnya. Gw melipir aja ke parkiran sebelah (pizza hut) eh malah p https://t.co/DPoQ0Xxd7f"
"Sebagai seterong woman kepaksa deeee guee ngedorong2 masukin parkiran mandiri asia afrika, gagal halal bil halal segedung"
"@victorkamang Ketemu di parkiran salaman, ketemu di ruangan salaman lagi.."
"RT @silvani_alif: @Takviri ngalamin sndiri. di parkiran t4 wisata bunyiin musik mobil kenceng2,trs pas kita lagi jln mrk naik ojek sambil c"
"RT @buangjahat: Di depan alfamart itu, ada sebwah papan plang yg bertuliskan:

""ADIL SEJAK DALAM PARKIRAN."""
"RT @silvani_alif: @Takviri ngalamin sndiri. di parkiran t4 wisata bunyiin musik mobil kenceng2,trs pas kita lagi jln mrk naik ojek sambil c"
"RT @silvani_alif: @Takviri ngalamin sndiri. di parkiran t4 wisata bunyiin musik mobil kenceng2,trs pas kita lagi jln mrk naik ojek sambil c"
"@Takviri ngalamin sndiri. di parkiran t4 wisata bunyiin musik mobil kenceng2,trs pas kita lagi jln mrk naik ojek sambil catcalling #annoying"
"@9thMidun Sempet kaget pas di parkiran ga sengaja nengok ke dalem ada Teuku Wisnu berdiri tegap sambil nyengir.
Serem anjir -_-"
"Senin yg padat padahal mau masuk parkiran aja sampe stengah jam rasanya pengen ninggalin kendaraan trus lari ketempat kerja "
"@RadioKotaperak @JogjaUpdate @RadioElshinta , kejadian kemarin pagi 2 juli 2017 d parkiran soto batok."
