"Arawa Homestay dulu, liburan kemudian. Sms/WA : 0878-3997-8777 | @infojogja @YogyakartaCity @kota_jogja https://t.co/T05AFEq4Yo"
"Liburan kali ini kemana aja?  Ke rumah nenek,ke mall,ke rscm. Udah itu aja sampe bosen wkwk https://t.co/48Dsa0PpdU"
"RT @mimimey208: Pengen liburan. https://t.co/aZOVXUFXNH"
"RT @detikcom: Ke Mana Orang-orang Tajir Sejagad Liburan? Ini Dia Lokasinya https://t.co/lNoC3u32tu via @detikfinance https://t.co/gAu4YeSHVs"
"Hotel di Malang

https://t.co/yT51bQwnti

#Malang #MalangHotel #Travel #Hotel #Liburan #HoteldiMalang #Penginapan https://t.co/XvF0y3amWr"
"Booking #Hotel Murah dengan pilihan pembayaran Bank Transfer dan CASHBACK 7%++  https://t.co/NVbGxmPUhs
 
#Liburan #Travel #HotelMurah"
"Tempat Wisata Salatiga yang Wajib di Kunjungi https://t.co/ad7kdqTUnH

#Salatiga #Wisata #Liburan #Travel #TempatWisata"
"yuk #liburan ke #bali #hotel lagi #diskon besar2an cek harga disini https://t.co/KVSEeOmn3G
 
#HotelMurah #Penginapan #PesanHotel #CariHotel"
"RT @InfoTwitwor: Dengkul Capek, Selebtwit Traveller Ini Disuruh Liburan Sama Netijen https://t.co/QqGqtxng0Y"
"16 bagaimana liburan tahun ini cari penginapan di bandung? ya https://t.co/6YuyGb6Tbo saidah guesthouse murah, nyaman, bersih."
"paket liburan murah tapi gak murahan ke karimunjawa|bromo|sempu|etc. more info: 082213797729 (call/sms/wa)|https://t.co/YxDMysX8iX"
"CAPRICORN, Karir: Sejak awal minggu sudah sibuk mondar-mandir untuk menemui relasi bisnis. Tampaknya rencana liburan pun harus tertunda."
"RT @olegunnnn: Bareuki pisan ngahina Bandung &amp; jawabarat, berikut saria tiap liburan minuhan jawabarat. Mental mental goblog "
"Liburan ga perlu mewah. Karena mewah belum tentu membuat bahagia. https://t.co/M982hBh1Gk"
"Info dan reservasi wisata @GoaPindulGK Phone: 087843175658, PinBBM:5BD06CAF,#tour #adventure #wisata #jogja #goapindul #liburan"
"Liburan ke Balikpapan, Jangan Lupa Wajib Bawa 4 Jenis Oleh-oleh Khas Kota https://t.co/WsgQ6LHjaK #balikpapan"
"Hotel di Bali

https://t.co/EtwDI70IqY

#Bali #BaliHotel #Travel #Hotel #Liburan #Penginapan #HoteldiBali https://t.co/fZDDb3Jcb4"
"Rekomendasi Hotel Murah di Kawasan Ubud
https://t.co/VupnuzysSV

#Ubud #Bali #Travel #Hotel #HotelMurah #Liburan #Wisata"
"@FULLO_ Liburan kemarin saya ajak Poppy pergi ke bioskop. Disana kita nonton Jailangkung. Seru banget, the power of https://t.co/0r25Xvu6Z1"
"RT @hay_neng: Akhir liburan...besok kerja lagi sekolah lagi https://t.co/SchlKpVeid"
