"Lima Pelajar MTs Hidayatullah, Kota Depok Terseret Arus di Pantai Garut Selatan https://t.co/vOZyEPasNN"
"With Mulia, Rizka, and 4 others at Gumuk Pasir Pantai Depok  https://t.co/EErbqYSg9D"
"At Pantai Depok  https://t.co/NUtvZTZH4H"
"At Pantai Depok  https://t.co/Eybme95qNa"
"#jogja @rhamaama1 Pembukaan Festival Perahu Naga di Laguna Pantai Depok, Bantul"
"Festival Perahu Naga di Laguna Pantai Depok https://t.co/CdKs6jVV13 https://t.co/zpC9952OAD"
"#JelajahBantul | Festival Perahu Naga Di Laguna Pantai Depok https://t.co/nvozDizeO6 via POLRES"
"Festival Perahu Naga Di Laguna Pantai Depok https://t.co/Kdp7UubkBf via POLRES"
"At Pantai Depok  https://t.co/lV4XTpruvQ"
"20 Kontingen Ikuti Festival Perahu Naga 2017 di Pantai Depok https://t.co/B4t7mrSTgX via @Harian_Jogja https://t.co/SWHhoBryWZ"
"RT @JogjaUpdate: #jogja @kominfodiy Pembukaan Festival Perahu Naga di Laguna Pantai Depok, Bantul https://t.co/7D2Mj2QffA"
"RT @JogjaUpdate: #jogja @kominfodiy Pembukaan Festival Perahu Naga di Laguna Pantai Depok, Bantul https://t.co/7D2Mj2QffA"
"RT @JogjaUpdate: #jogja @kominfodiy Pembukaan Festival Perahu Naga di Laguna Pantai Depok, Bantul https://t.co/7D2Mj2QffA"
"RT @JogjaUpdate: #jogja @kominfodiy Pembukaan Festival Perahu Naga di Laguna Pantai Depok, Bantul https://t.co/7D2Mj2QffA"
"PODSI KOTA JOGJA @ Pantai Laguna Depok Parangtritis Bantul https://t.co/mye7Gw5gK4"
"RT @JogjaUpdate: #jogja @kominfodiy Pembukaan Festival Perahu Naga di Laguna Pantai Depok, Bantul https://t.co/7D2Mj2QffA"
"RT @JogjaUpdate: #jogja @kominfodiy Pembukaan Festival Perahu Naga di Laguna Pantai Depok, Bantul https://t.co/7D2Mj2QffA"
"#jogja @kominfodiy Pembukaan Festival Perahu Naga di Laguna Pantai Depok, Bantul https://t.co/7D2Mj2QffA"
"RT @infobantul: HARJO: 20 Kontingen Ikuti Festival Perahu Naga 2017 di Pantai Depok https://t.co/37OmXzpgTU"
"Blm move on dr Festival Perahu Naga di Laguna Pantai Depok yg diadakan Dinas Pariwisata DIY.Smg mendorong perkemban https://t.co/41RP1usKS1"
"At Pantai Depok [pic]  https://t.co/Mc8imwqg3G"
"At Pantai Depok [pic]  https://t.co/TNPgyVG16H"
"20 Kontingen Ikuti Festival Perahu Naga 2017 di Pantai Depok https://t.co/coBdhczrsa"
"20 Kontingen Ikuti Festival Perahu Naga 2017 di Pantai Depok https://t.co/7v9hY0ntki"
"#JelajahBantul | HARJO: 20 Kontingen Ikuti Festival Perahu Naga 2017 di Pantai Depok https://t.co/bNa4CgWtDm"
"RT @kominfodiy: Pembukaan Festival Perahu Naga di Laguna Pantai Depok, Bantul https://t.co/wTfjhkUbBb"
"HARJO: 20 Kontingen Ikuti Festival Perahu Naga 2017 di Pantai Depok https://t.co/37OmXzpgTU"
"20 Kontingen Ikuti Festival Perahu Naga 2017 di Pantai Depok https://t.co/z2K7Sc4tSr"
"Libur telah tiba, Libur telah tiba, Hore Hore @ Pantai Depok - https://t.co/f6bzRwgQHr"
"RT @Jogja_Sun: Pembukaan Festival Perahu Naga di Laguna Pantai Depok, Bantul l via @kominfodiy https://t.co/e7pGWiVdAB"
"Serunya Festival Perahu Naga Laguna Pantai DepokBantul https://t.co/Gq8vg4O8zL https://t.co/c8DTkquOM3"
"Momong konyil  #ponakantantepipit #piknikmurahmeriah #jogjaistimewa @ Pantai Depok - Pantai https://t.co/zgkfxbrQyu"
"RT @kominfodiy: Pembukaan Festival Perahu Naga di Laguna Pantai Depok, Bantul https://t.co/wTfjhkUbBb"
"RT @Jogja_Sun: Pembukaan Festival Perahu Naga di Laguna Pantai Depok, Bantul l via @kominfodiy https://t.co/e7pGWiVdAB"
"@pantai depok"
"RT @JelajahBantul: #JelajahBantul | Pembukaan Festival Perahu Naga di Laguna Pantai Depok, #Bantul https://t.co/lJccnyvlTw"
"RT @kominfodiy: Pembukaan Festival Perahu Naga di Laguna Pantai Depok, Bantul https://t.co/wTfjhkUbBb"
"RT @Jogja_Sun: Pembukaan Festival Perahu Naga di Laguna Pantai Depok, Bantul l via @kominfodiy https://t.co/e7pGWiVdAB"
"#JelajahBantul | Pembukaan Festival Perahu Naga di Laguna Pantai Depok, #Bantul https://t.co/lJccnyvlTw"
"Pembukaan Festival Perahu Naga di Laguna Pantai Depok, Bantul l via @kominfodiy https://t.co/e7pGWiVdAB"
"RT @kominfodiy: Pembukaan Festival Perahu Naga di Laguna Pantai Depok, Bantul https://t.co/wTfjhkUbBb"
"Pembukaan Festival Perahu Naga di Laguna Pantai Depok, Bantul https://t.co/wTfjhkUbBb"
"At Pantai Depok  https://t.co/SCsZBDZ6Ub"
"Hadapi semua tantangan, biarkan Tuhan yang menentukan  @ Pantai Depok - Pantai Parangtritis https://t.co/0chHKXhYhT"
"#Jogja 8-9 Juli 2017 | Festival Perahu Naga | Berahdiah uang pembinaan 45 juta rupiah | Laguna Pantai Depok, #Bantul https://t.co/LrOC9X0GlY"
"Hari ini | Festival Perahu Naga | Laguna Pantai Depok, Bantul https://t.co/U9CkP8yRPu"
"Oleh2 dri kampung  @ Pantai Depok - Pantai Parangtritis https://t.co/Gc2l1tKpc3"
"RT @Jogja_Sun: Festival Perahu Naga | 8-9 Juli 2017 | Laguna Pantai Depok, Bantul l @humas_jogja https://t.co/xlICi7QGWs"
" @ Pantai Depok - Pantai Parangtritis https://t.co/CIqUsSPTnw"
"RT @Jogja_Sun: Festival Perahu Naga | 8-9 Juli 2017 | Laguna Pantai Depok, Bantul l @humas_jogja https://t.co/xlICi7QGWs"
"Festival Perahu Naga | 8-9 Juli 2017 | Laguna Pantai Depok, Bantul l @humas_jogja https://t.co/xlICi7QGWs"
"Festival Perahu Naga 2017

Where?: Laguna, Pantai Depok, Bantul

When?: 8  9 Juli 2017 https://t.co/izkke3f0dK"
"RT @humas_jogja: Festival Perahu Naga | 8-9 Juli 2017 | Laguna Pantai Depok, Bantul https://t.co/CJwAMROm3K"
"RT @KabarJogjakarta: #Event Festival Perahu Naga | 8-9 Juli 2017 | Laguna Pantai Depok, Bantul. Jogjakarta | info:  @humas_jogja https://t."
"#Event Festival Perahu Naga | 8-9 Juli 2017 | Laguna Pantai Depok, Bantul. Jogjakarta | info:  @humas_jogja https://t.co/2pQs7lxMZy"
"Festival Perahu Naga | 8-9 Juli 2017 | Laguna Pantai Depok, Bantul https://t.co/CJwAMROm3K"
"@ChevyIndonesia Pantai Depok. Yogyakarta"
"#JogjaPers | newsrrijogja: Yuk, merapat ke laguna pantai Depok, Bantul. Ada event bagus nih....  https://t.co/adHg5hrOhu"
"With Ellsa, arni, and 2 others at Pantai Depok  https://t.co/Ky4sCaV3d0"
"Saksikan Festival Perahu Naga https://t.co/sHfe6wDixA"
"Saksikan Festival Perahu Naga di Laguna Pantai Depok Bantul Yogyakarta https://t.co/j2VE9IFOhR lewat @YouTube"
"Saksikan Festival Perahu Naga di Laguna Pantai Depok Bantul Yogyakarta https://t.co/dSaoeLoCVl"
"Saksikan Festival Perahu Naga di Laguna Pantai Depok Bantul Yogyakarta https://t.co/6GdtoV8mHq lewat @YouTube"
"Saksikan Festival Perahu Naga di Laguna Pantai Depok Bantul Yogyakarta https://t.co/iUOjpepbJZ"
"Saya menambahkan video ke playlist @YouTube https://t.co/iUOjpepbJZ Saksikan Festival Perahu Naga di Laguna Pantai Depok Bantul"
"RT @humas_jogja: Festival Perahu Naga | 8-9 Juli 2017 | Laguna Pantai Depok, Bantul https://t.co/l1lb0NMCCO"
"RT @humas_jogja: Festival Perahu Naga | 8-9 Juli 2017 | Laguna Pantai Depok, Bantul https://t.co/l1lb0NMCCO"
"RT @humas_jogja: Festival Perahu Naga | 8-9 Juli 2017 | Laguna Pantai Depok, Bantul https://t.co/l1lb0NMCCO"
"Festival Perahu Naga | 8-9 Juli 2017 | Laguna Pantai Depok, Bantul https://t.co/l1lb0NMCCO"
"Wisata Alam Kreatif TAMAN GUMUK PASIR pantai Depok Parangtritis Bantul Yogyakarta 081328113366 https://t.co/nmCilIlsU8"
"Wisata Alam Kreatif TAMAN GUMUK PASIR pantai Depok Parangtritis Bantul Yogyakarta 081328113366 https://t.co/pblxvqXQEn"
"Tanggapan Yayasan Hidayatullah Depok, Soal Lima Siswa Terseret Arus di Pantai Garut Selatan https://t.co/oU9nEHoCOI"
"@Regrann from @genpijogja - Event Layang layang Nasional di Pantai Depok, Parangkusumo .
.
SABTU (8/7) dibuka... https://t.co/PokmGBOylk"
"Vitamin sea 
My Holiday @ Pantai Pok Tunggal, Pantai Indrayanti, Pantai Depok. https://t.co/9y0U6s5SOw"
"Lima Pelajar MTs Hidayatullah, Kota Depok Terseret Arus di Pantai Garut Selatan https://t.co/vOZyEPs4cn"
"At Pantai Depok  https://t.co/t52pfhwmxc"
"Be strong  @ Pantai Depok - Pantai Parangtritis https://t.co/HfjAV1WS5Z"
"Senang sekali di pantai depok indah https://t.co/WaF2x2WREB"
"ben kekinian @ Pantai Depok - Pantai Parangtritis https://t.co/0pn7xkjl6l"
"With Kartika, Inas, and 2 others at Gumuk Pasir Pantai Depok [pic]  https://t.co/T9TEbt1Uyf"
