"Duhh mau nya bnyk nih.. pen ke Karimun Jawa, Belitung, Derawan, NTT tp saiyangg awak bkn mesin pencetak uang  https://t.co/5T83IURm6N"
"TRIP KARIMUN JAWA BACKPACKER START JAKARTA LONGWEEKEND 21-24 SEPTEMBER 2017 MURAH START JAKARTA 1.100.000 / ORANG"
"Paket Wisata : Malang City Tour, Bromo, Bali, Jogja, Lombok, Bandung, Karimun Jawa, dll. Info: 0341-7613954 / 25E9415B"
"Paket Wisata : Malang City Tour, Bromo, Bali, Jogja, Lombok, Bandung, Karimun Jawa, dll. Info: 0341-7613954 / 25E9415B"
"yuk gabung bersama kami, paket tour liburan murah dan menyenangkan karimun jawa dan bromo , info chat bbm 74A6BC83 WA 081282441154"
"@askmenfess Malang, karimun jawa, belitung, lombok."
"Hanya setitik surga dunia yg Allah tunjukkan ...
Matur suwun Karimun Jawa .... Terbaiiiik https://t.co/U7ibqjB3av"
"At Pulau Karimun Jawa [pic]  https://t.co/5MvLfiKoLi"
"Lain di Karimun Jawa lain pula di Kelaten. Yg mengadakan mancing bersama saat #syawalan https://t.co/mQx2OXER6B"
"Ni salah satilu keseruan #Syawalan di Karimun Jawa. Makan kupat bareng https://t.co/RzGwZa0AQP"
"Lain Banjarnegara lain juga Karimun Jawa yang sedang merayakan #Syawalan"
"Paket Wisata : Malang City Tour, Bromo, Bali, Jogja, Lombok, Bandung, Karimun Jawa, dll. Info: 0341-7613954 / 25E9415B"
