"Semangat Baru, Pengurus Baru Perbasi Denpasar Ingin Wujudkan https://t.co/Zo9tpjtu4t #denpasar #balitoday"
"PKB ke-39 Duta Kota Denpasar Tampilkan  I Lutung Kelana. - BisnisBali https://t.co/PwIzk8EkCW #denpasar #balitoday"
"https://t.co/purK6JxD3B"
"New post (CARA MENGGUNAKAN SEPEDA LISTRIK di DENPASAR | WA 0857 9999 9031) has been published on SEPEDA ... - https://t.co/rsyXy1IbBX"
"https://t.co/xLpsx6Zivm"
"Selamat Malam #SayaSukaMoleh @ Denpasar, Bali, Indonesia https://t.co/UgigepNYdK"
"#CariAlamat Alamat Yayasan Sejahtera Berhasil Denpasar https://t.co/SJEyHv1w0B"
"Happy B'day Syank...  @ Denpasar, Bali, Indonesia https://t.co/lOy4Jl7xMM"
"Kembali Telan Korban Jiwa, Begini Kronologi Tabrakan Mengerikan Truk Vs Avanza di Denpasar-Gilimanuk https://t.co/VuyHOJZlvM via @TribunWOW"
"At Panggung Terbuka Ardha Candra Art Centre Denpasar [pic]  https://t.co/b0VgNWaVcf"
"Ingat uang 50 ribuan. . @ Danau beratan jl.denpasar-bedugul bali https://t.co/704nHMAa6i"
"Bekasi itu ibarat Padang Sambian kalau di Denpasar kali ya? https://t.co/IlKMiEj0pL"
"Jalur Singaraja-Denpasar padat saat libur Lebaran - ANTARA https://t.co/di9guTnlBH #singaraja #bali"
"Jalur Tengkorak Denpasar-Gilimanuk Kembali Telan Korban Jiwa https://t.co/DYtKdryo0e #jembrana #balitoday"
"@sweet20movie @morganoey Denpasar, Balii! "
"Rampung bln Feb kmrn. Kubun Renon pas bwt kamu yg liburan, kuliah, magang d seputar Denpasar &amp; Sanur. #kostBali https://t.co/7KzukNkDmt"
"Finally, it's time for #goKEDAdenpasar! Let's get DISCOUNT up to 50%, Dear! S&amp;K berlaku. Info: https://t.co/ifGvuxETuW"
"Yeeayyy... @ HandPhone Shop Jl Teuku Umar Denpasar https://t.co/W0RTNE0nrr"
"Low prices homestay in Sanur, Denpasar, Bali https://t.co/8UbqLe1rHb        #vacationrental #holiday #christmas #newyear"
"Low prices homestay in Sanur, Denpasar, Bali https://t.co/kaGE14mrYi  #bookingcom #nusapenida #nusalembongan #gilitrawangan #lombok"
